step,resistant_bactostatus,sensitive_bactostatus,strain_1_strain,strain_2_strain,strain_3_strain,strain_4_strain
0,2444,7556,2543,2552,2461,2444
1,2444,7556,2543,2552,2461,2444
2,2444,7556,2543,2552,2461,2444
3,2444,7556,2543,2552,2461,2444
4,2444,7556,2543,2552,2461,2444
5,2446,7554,2543,2552,2459,2446
6,2446,7554,2543,2552,2459,2446
7,2446,7554,2543,2552,2459,2446
8,2446,7554,2543,2552,2459,2446
9,2446,7554,2543,2552,2459,2446
10,2446,7554,2543,2552,2459,2446
11,2447,7553,2542,2552,2459,2447
12,2447,7553,2542,2552,2459,2447
13,2449,7551,2542,2551,2458,2449
14,2449,7551,2542,2551,2458,2449
15,2449,7551,2542,2551,2458,2449
16,2449,7551,2542,2551,2458,2449
17,2451,7549,2542,2550,2457,2451
18,2451,7549,2542,2550,2457,2451
19,2451,7549,2542,2550,2457,2451
20,2452,7548,2542,2550,2456,2452
21,2454,7546,2542,2548,2456,2454
22,2454,7546,2542,2548,2456,2454
23,2455,7545,2541,2548,2456,2455
24,2455,7545,2541,2548,2456,2455
25,2455,7545,2541,2548,2456,2455
26,2456,7544,2540,2548,2456,2456
27,2457,7543,2539,2548,2456,2457
28,2458,7542,2539,2547,2456,2458
29,2459,7541,2538,2547,2456,2459
30,2461,7539,2537,2547,2455,2461
31,2462,7538,2537,2546,2455,2462
32,2463,7537,2537,2546,2454,2463
33,2464,7536,2536,2546,2454,2464
34,2465,7535,2536,2545,2454,2465
35,2465,7535,2536,2545,2454,2465
36,2465,7535,2536,2545,2454,2465
37,2465,7535,2536,2545,2454,2465
38,2465,7535,2536,2545,2454,2465
39,2465,7535,2536,2545,2454,2465
40,2465,7535,2536,2545,2454,2465
41,2465,7535,2536,2545,2454,2465
42,2465,7535,2536,2545,2454,2465
43,2466,7534,2536,2545,2453,2466
44,2467,7533,2536,2544,2453,2467
45,2468,7532,2535,2544,2453,2468
46,2468,7532,2535,2544,2453,2468
47,2469,7531,2535,2543,2453,2469
48,2471,7529,2534,2542,2453,2471
49,2471,7529,2534,2542,2453,2471
50,2472,7528,2534,2542,2452,2472
51,2474,7526,2533,2542,2451,2474
52,2475,7525,2532,2542,2451,2475
53,2475,7525,2532,2542,2451,2475
54,2476,7524,2532,2541,2451,2476
55,2476,7524,2532,2541,2451,2476
56,2476,7524,2532,2541,2451,2476
57,2476,7524,2532,2541,2451,2476
58,2476,7524,2532,2541,2451,2476
59,2477,7523,2531,2541,2451,2477
60,2478,7522,2530,2541,2451,2478
61,2478,7522,2530,2541,2451,2478
62,2479,7521,2530,2541,2450,2479
63,2479,7521,2530,2541,2450,2479
64,2480,7520,2529,2541,2450,2480
65,2480,7520,2529,2541,2450,2480
66,2481,7519,2528,2541,2450,2481
67,2481,7519,2528,2541,2450,2481
68,2481,7519,2528,2541,2450,2481
69,2482,7518,2528,2540,2450,2482
70,2483,7517,2528,2539,2450,2483
71,2483,7517,2528,2539,2450,2483
72,2483,7517,2528,2539,2450,2483
73,2484,7516,2528,2539,2449,2484
74,2485,7515,2527,2539,2449,2485
75,2485,7515,2527,2539,2449,2485
76,2485,7515,2527,2539,2449,2485
77,2485,7515,2527,2539,2449,2485
78,2486,7514,2527,2538,2449,2486
79,2486,7514,2527,2538,2449,2486
80,2487,7513,2526,2538,2449,2487
81,2489,7511,2525,2537,2449,2489
82,2489,7511,2525,2537,2449,2489
83,2490,7510,2525,2536,2449,2490
84,2490,7510,2525,2536,2449,2490
85,2491,7509,2525,2535,2449,2491
86,2491,7509,2525,2535,2449,2491
87,2492,7508,2524,2535,2449,2492
88,2493,7507,2524,2535,2448,2493
89,2494,7506,2523,2535,2448,2494
90,2494,7506,2523,2535,2448,2494
91,2495,7505,2523,2535,2447,2495
92,2495,7505,2523,2535,2447,2495
93,2495,7505,2523,2535,2447,2495
94,2496,7504,2523,2534,2447,2496
95,2496,7504,2523,2534,2447,2496
96,2496,7504,2523,2534,2447,2496
97,2499,7501,2523,2531,2447,2499
98,2499,7501,2523,2531,2447,2499
99,2501,7499,2523,2529,2447,2501
100,2504,7496,2523,2528,2445,2504
101,2504,7496,2523,2528,2445,2504
102,2505,7495,2523,2527,2445,2505
103,2505,7495,2523,2527,2445,2505
104,2505,7495,2523,2527,2445,2505
105,2507,7493,2521,2527,2445,2507
106,2508,7492,2520,2527,2445,2508
107,2509,7491,2520,2526,2445,2509
108,2510,7490,2520,2526,2444,2510
109,2510,7490,2520,2526,2444,2510
110,2510,7490,2520,2526,2444,2510
111,2511,7489,2520,2526,2443,2511
112,2511,7489,2520,2526,2443,2511
113,2512,7488,2520,2525,2443,2512
114,2512,7488,2520,2525,2443,2512
115,2513,7487,2519,2525,2443,2513
116,2514,7486,2518,2525,2443,2514
117,2515,7485,2518,2525,2442,2515
118,2515,7485,2518,2525,2442,2515
119,2515,7485,2518,2525,2442,2515
120,2516,7484,2518,2524,2442,2516
121,2517,7483,2518,2523,2442,2517
122,2517,7483,2518,2523,2442,2517
123,2518,7482,2518,2523,2441,2518
124,2519,7481,2518,2522,2441,2519
125,2519,7481,2518,2522,2441,2519
126,2519,7481,2518,2522,2441,2519
127,2519,7481,2518,2522,2441,2519
128,2520,7480,2518,2522,2440,2520
129,2522,7478,2517,2521,2440,2522
130,2524,7476,2517,2521,2438,2524
131,2524,7476,2517,2521,2438,2524
132,2524,7476,2517,2521,2438,2524
133,2527,7473,2517,2521,2435,2527
134,2527,7473,2517,2521,2435,2527
135,2528,7472,2516,2521,2435,2528
136,2530,7470,2515,2520,2435,2530
137,2530,7470,2515,2520,2435,2530
138,2530,7470,2515,2520,2435,2530
139,2530,7470,2515,2520,2435,2530
140,2530,7470,2515,2520,2435,2530
141,2531,7469,2515,2520,2434,2531
142,2532,7468,2514,2520,2434,2532
143,2532,7468,2514,2520,2434,2532
144,2532,7468,2514,2520,2434,2532
145,2534,7466,2513,2519,2434,2534
146,2536,7464,2511,2519,2434,2536
147,2537,7463,2510,2519,2434,2537
148,2537,7463,2510,2519,2434,2537
149,2537,7463,2510,2519,2434,2537
150,2537,7463,2510,2519,2434,2537
151,2537,7463,2510,2519,2434,2537
152,2537,7463,2510,2519,2434,2537
153,2538,7462,2510,2519,2433,2538
154,2538,7462,2510,2519,2433,2538
155,2539,7461,2510,2518,2433,2539
156,2541,7459,2510,2517,2432,2541
157,2541,7459,2510,2517,2432,2541
158,2542,7458,2510,2516,2432,2542
159,2542,7458,2510,2516,2432,2542
160,2542,7458,2510,2516,2432,2542
161,2542,7458,2510,2516,2432,2542
162,2542,7458,2510,2516,2432,2542
163,2542,7458,2510,2516,2432,2542
164,2543,7457,2510,2516,2431,2543
165,2544,7456,2510,2515,2431,2544
166,2545,7455,2509,2515,2431,2545
167,2546,7454,2509,2514,2431,2546
168,2546,7454,2509,2514,2431,2546
169,2546,7454,2509,2514,2431,2546
170,2548,7452,2509,2512,2431,2548
171,2548,7452,2509,2512,2431,2548
172,2549,7451,2509,2511,2431,2549
173,2551,7449,2508,2510,2431,2551
174,2552,7448,2508,2509,2431,2552
175,2553,7447,2508,2508,2431,2553
176,2557,7443,2507,2506,2430,2557
177,2558,7442,2507,2506,2429,2558
178,2559,7441,2507,2505,2429,2559
179,2559,7441,2507,2505,2429,2559
180,2560,7440,2506,2505,2429,2560
181,2560,7440,2506,2505,2429,2560
182,2560,7440,2506,2505,2429,2560
183,2560,7440,2506,2505,2429,2560
184,2560,7440,2506,2505,2429,2560
185,2560,7440,2506,2505,2429,2560
186,2560,7440,2506,2505,2429,2560
187,2561,7439,2505,2505,2429,2561
188,2561,7439,2505,2505,2429,2561
189,2564,7436,2503,2505,2428,2564
190,2565,7435,2503,2504,2428,2565
191,2565,7435,2503,2504,2428,2565
192,2565,7435,2503,2504,2428,2565
193,2565,7435,2503,2504,2428,2565
194,2567,7433,2503,2504,2426,2567
195,2567,7433,2503,2504,2426,2567
196,2569,7431,2502,2503,2426,2569
197,2570,7430,2502,2503,2425,2570
198,2570,7430,2502,2503,2425,2570
199,2572,7428,2501,2503,2424,2572
200,2572,7428,2501,2503,2424,2572
201,2574,7426,2499,2503,2424,2574
202,2575,7425,2499,2503,2423,2575
203,2576,7424,2499,2502,2423,2576
204,2577,7423,2498,2502,2423,2577
205,2579,7421,2497,2501,2423,2579
206,2581,7419,2497,2500,2422,2581
207,2581,7419,2497,2500,2422,2581
208,2582,7418,2496,2500,2422,2582
209,2583,7417,2496,2500,2421,2583
210,2583,7417,2496,2500,2421,2583
211,2583,7417,2496,2500,2421,2583
212,2584,7416,2496,2499,2421,2584
213,2585,7415,2495,2499,2421,2585
214,2586,7414,2494,2499,2421,2586
215,2587,7413,2494,2498,2421,2587
216,2588,7412,2494,2497,2421,2588
217,2588,7412,2494,2497,2421,2588
218,2590,7410,2493,2496,2421,2590
219,2590,7410,2493,2496,2421,2590
220,2591,7409,2493,2495,2421,2591
221,2593,7407,2492,2495,2420,2593
222,2593,7407,2492,2495,2420,2593
223,2593,7407,2492,2495,2420,2593
224,2593,7407,2492,2495,2420,2593
225,2595,7405,2491,2494,2420,2595
226,2597,7403,2491,2494,2418,2597
227,2597,7403,2491,2494,2418,2597
228,2599,7401,2491,2492,2418,2599
229,2600,7400,2490,2492,2418,2600
230,2600,7400,2490,2492,2418,2600
231,2600,7400,2490,2492,2418,2600
232,2600,7400,2490,2492,2418,2600
233,2603,7397,2489,2492,2416,2603
234,2603,7397,2489,2492,2416,2603
235,2604,7396,2489,2491,2416,2604
236,2607,7393,2489,2490,2414,2607
237,2608,7392,2489,2489,2414,2608
238,2608,7392,2489,2489,2414,2608
239,2608,7392,2489,2489,2414,2608
240,2608,7392,2489,2489,2414,2608
241,2610,7390,2489,2488,2413,2610
242,2610,7390,2489,2488,2413,2610
243,2611,7389,2488,2488,2413,2611
244,2613,7387,2487,2488,2412,2613
245,2613,7387,2487,2488,2412,2613
246,2614,7386,2486,2488,2412,2614
247,2614,7386,2486,2488,2412,2614
248,2615,7385,2486,2488,2411,2615
249,2615,7385,2486,2488,2411,2615
250,2616,7384,2486,2488,2410,2616
251,2617,7383,2485,2488,2410,2617
252,2619,7381,2485,2488,2408,2619
253,2620,7380,2485,2488,2407,2620
254,2620,7380,2485,2488,2407,2620
255,2620,7380,2485,2488,2407,2620
256,2620,7380,2485,2488,2407,2620
257,2621,7379,2485,2487,2407,2621
258,2621,7379,2485,2487,2407,2621
259,2621,7379,2485,2487,2407,2621
260,2621,7379,2485,2487,2407,2621
261,2621,7379,2485,2487,2407,2621
262,2621,7379,2485,2487,2407,2621
263,2622,7378,2484,2487,2407,2622
264,2623,7377,2483,2487,2407,2623
265,2623,7377,2483,2487,2407,2623
266,2624,7376,2482,2487,2407,2624
267,2624,7376,2482,2487,2407,2624
268,2626,7374,2481,2487,2406,2626
269,2626,7374,2481,2487,2406,2626
270,2626,7374,2481,2487,2406,2626
271,2627,7373,2480,2487,2406,2627
272,2628,7372,2480,2487,2405,2628
273,2628,7372,2480,2487,2405,2628
274,2630,7370,2479,2487,2404,2630
275,2631,7369,2479,2487,2403,2631
276,2632,7368,2478,2487,2403,2632
277,2632,7368,2478,2487,2403,2632
278,2632,7368,2478,2487,2403,2632
279,2633,7367,2478,2486,2403,2633
280,2634,7366,2478,2485,2403,2634
281,2634,7366,2478,2485,2403,2634
282,2635,7365,2477,2485,2403,2635
283,2637,7363,2476,2485,2402,2637
284,2639,7361,2475,2484,2402,2639
285,2639,7361,2475,2484,2402,2639
286,2640,7360,2475,2483,2402,2640
287,2640,7360,2475,2483,2402,2640
288,2640,7360,2475,2483,2402,2640
289,2640,7360,2475,2483,2402,2640
290,2640,7360,2475,2483,2402,2640
291,2641,7359,2475,2483,2401,2641
292,2641,7359,2475,2483,2401,2641
293,2642,7358,2475,2483,2400,2642
294,2643,7357,2474,2483,2400,2643
295,2643,7357,2474,2483,2400,2643
296,2644,7356,2474,2482,2400,2644
297,2644,7356,2474,2482,2400,2644
298,2644,7356,2474,2482,2400,2644
299,2644,7356,2474,2482,2400,2644
300,2645,7355,2473,2482,2400,2645
301,2645,7355,2473,2482,2400,2645
302,2646,7354,2472,2482,2400,2646
303,2646,7354,2472,2482,2400,2646
304,2646,7354,2472,2482,2400,2646
305,2646,7354,2472,2482,2400,2646
306,2646,7354,2472,2482,2400,2646
307,2647,7353,2472,2481,2400,2647
308,2647,7353,2472,2481,2400,2647
309,2647,7353,2472,2481,2400,2647
310,2648,7352,2472,2480,2400,2648
311,2648,7352,2472,2480,2400,2648
312,2648,7352,2472,2480,2400,2648
313,2648,7352,2472,2480,2400,2648
314,2648,7352,2472,2480,2400,2648
315,2648,7352,2472,2480,2400,2648
316,2648,7352,2472,2480,2400,2648
317,2648,7352,2472,2480,2400,2648
318,2650,7350,2470,2480,2400,2650
319,2651,7349,2470,2479,2400,2651
320,2651,7349,2470,2479,2400,2651
321,2651,7349,2470,2479,2400,2651
322,2651,7349,2470,2479,2400,2651
323,2651,7349,2470,2479,2400,2651
324,2651,7349,2470,2479,2400,2651
325,2653,7347,2470,2477,2400,2653
326,2653,7347,2470,2477,2400,2653
327,2653,7347,2470,2477,2400,2653
328,2654,7346,2470,2476,2400,2654
329,2654,7346,2470,2476,2400,2654
330,2654,7346,2470,2476,2400,2654
331,2656,7344,2468,2476,2400,2656
332,2656,7344,2468,2476,2400,2656
333,2658,7342,2468,2476,2398,2658
334,2659,7341,2467,2476,2398,2659
335,2661,7339,2466,2476,2397,2661
336,2661,7339,2466,2476,2397,2661
337,2662,7338,2466,2475,2397,2662
338,2663,7337,2466,2475,2396,2663
339,2663,7337,2466,2475,2396,2663
340,2663,7337,2466,2475,2396,2663
341,2663,7337,2466,2475,2396,2663
342,2663,7337,2466,2475,2396,2663
343,2664,7336,2466,2474,2396,2664
344,2664,7336,2466,2474,2396,2664
345,2664,7336,2466,2474,2396,2664
346,2665,7335,2465,2474,2396,2665
347,2666,7334,2465,2474,2395,2666
348,2666,7334,2465,2474,2395,2666
349,2668,7332,2464,2473,2395,2668
350,2668,7332,2464,2473,2395,2668
351,2669,7331,2464,2473,2394,2669
352,2669,7331,2464,2473,2394,2669
353,2670,7330,2464,2472,2394,2670
354,2670,7330,2464,2472,2394,2670
355,2672,7328,2462,2472,2394,2672
356,2672,7328,2462,2472,2394,2672
357,2672,7328,2462,2472,2394,2672
358,2673,7327,2462,2472,2393,2673
359,2673,7327,2462,2472,2393,2673
360,2675,7325,2462,2470,2393,2675
361,2675,7325,2462,2470,2393,2675
362,2675,7325,2462,2470,2393,2675
363,2675,7325,2462,2470,2393,2675
364,2676,7324,2461,2470,2393,2676
365,2676,7324,2461,2470,2393,2676
366,2676,7324,2461,2470,2393,2676
367,2676,7324,2461,2470,2393,2676
368,2677,7323,2460,2470,2393,2677
369,2678,7322,2460,2469,2393,2678
370,2680,7320,2460,2469,2391,2680
371,2680,7320,2460,2469,2391,2680
372,2681,7319,2460,2469,2390,2681
373,2682,7318,2459,2469,2390,2682
374,2682,7318,2459,2469,2390,2682
375,2683,7317,2459,2469,2389,2683
376,2684,7316,2459,2469,2388,2684
377,2684,7316,2459,2469,2388,2684
378,2684,7316,2459,2469,2388,2684
379,2684,7316,2459,2469,2388,2684
380,2684,7316,2459,2469,2388,2684
381,2684,7316,2459,2469,2388,2684
382,2685,7315,2458,2469,2388,2685
383,2686,7314,2458,2468,2388,2686
384,2687,7313,2458,2467,2388,2687
385,2687,7313,2458,2467,2388,2687
386,2689,7311,2456,2467,2388,2689
387,2690,7310,2456,2466,2388,2690
388,2691,7309,2456,2466,2387,2691
389,2692,7308,2456,2465,2387,2692
390,2694,7306,2456,2464,2386,2694
391,2694,7306,2456,2464,2386,2694
392,2696,7304,2455,2464,2385,2696
393,2696,7304,2455,2464,2385,2696
394,2696,7304,2455,2464,2385,2696
395,2697,7303,2455,2464,2384,2697
396,2700,7300,2455,2463,2382,2700
397,2700,7300,2455,2463,2382,2700
398,2700,7300,2455,2463,2382,2700
399,2700,7300,2455,2463,2382,2700
400,2700,7300,2455,2463,2382,2700
401,2701,7299,2454,2463,2382,2701
402,2701,7299,2454,2463,2382,2701
403,2701,7299,2454,2463,2382,2701
404,2702,7298,2454,2463,2381,2702
405,2702,7298,2454,2463,2381,2702
406,2702,7298,2454,2463,2381,2702
407,2702,7298,2454,2463,2381,2702
408,2706,7294,2452,2462,2380,2706
409,2707,7293,2452,2461,2380,2707
410,2707,7293,2452,2461,2380,2707
411,2707,7293,2452,2461,2380,2707
412,2708,7292,2452,2461,2379,2708
413,2708,7292,2452,2461,2379,2708
414,2708,7292,2452,2461,2379,2708
415,2708,7292,2452,2461,2379,2708
416,2709,7291,2451,2461,2379,2709
417,2709,7291,2451,2461,2379,2709
418,2710,7290,2451,2460,2379,2710
419,2711,7289,2451,2459,2379,2711
420,2711,7289,2451,2459,2379,2711
421,2713,7287,2450,2459,2378,2713
422,2713,7287,2450,2459,2378,2713
423,2715,7285,2449,2458,2378,2715
424,2715,7285,2449,2458,2378,2715
425,2716,7284,2448,2458,2378,2716
426,2716,7284,2448,2458,2378,2716
427,2717,7283,2447,2458,2378,2717
428,2718,7282,2447,2457,2378,2718
429,2718,7282,2447,2457,2378,2718
430,2718,7282,2447,2457,2378,2718
431,2718,7282,2447,2457,2378,2718
432,2719,7281,2447,2456,2378,2719
433,2720,7280,2446,2456,2378,2720
434,2721,7279,2446,2455,2378,2721
435,2721,7279,2446,2455,2378,2721
436,2722,7278,2446,2455,2377,2722
437,2722,7278,2446,2455,2377,2722
438,2723,7277,2446,2454,2377,2723
439,2723,7277,2446,2454,2377,2723
440,2724,7276,2445,2454,2377,2724
441,2724,7276,2445,2454,2377,2724
442,2724,7276,2445,2454,2377,2724
443,2724,7276,2445,2454,2377,2724
444,2724,7276,2445,2454,2377,2724
445,2726,7274,2445,2454,2375,2726
446,2729,7271,2444,2453,2374,2729
447,2729,7271,2444,2453,2374,2729
448,2729,7271,2444,2453,2374,2729
449,2730,7270,2444,2452,2374,2730
450,2731,7269,2444,2451,2374,2731
451,2734,7266,2444,2451,2371,2734
452,2735,7265,2444,2450,2371,2735
453,2736,7264,2443,2450,2371,2736
454,2737,7263,2442,2450,2371,2737
455,2737,7263,2442,2450,2371,2737
456,2737,7263,2442,2450,2371,2737
457,2738,7262,2441,2450,2371,2738
458,2739,7261,2440,2450,2371,2739
459,2739,7261,2440,2450,2371,2739
460,2740,7260,2440,2449,2371,2740
461,2742,7258,2440,2449,2369,2742
462,2743,7257,2440,2449,2368,2743
463,2744,7256,2440,2449,2367,2744
464,2745,7255,2440,2448,2367,2745
465,2746,7254,2440,2447,2367,2746
466,2747,7253,2439,2447,2367,2747
467,2748,7252,2438,2447,2367,2748
468,2748,7252,2438,2447,2367,2748
469,2748,7252,2438,2447,2367,2748
470,2749,7251,2438,2446,2367,2749
471,2749,7251,2438,2446,2367,2749
472,2750,7250,2438,2446,2366,2750
473,2750,7250,2438,2446,2366,2750
474,2750,7250,2438,2446,2366,2750
475,2750,7250,2438,2446,2366,2750
476,2751,7249,2438,2445,2366,2751
477,2753,7247,2437,2445,2365,2753
478,2753,7247,2437,2445,2365,2753
479,2755,7245,2437,2445,2363,2755
480,2755,7245,2437,2445,2363,2755
481,2755,7245,2437,2445,2363,2755
482,2756,7244,2437,2444,2363,2756
483,2757,7243,2437,2443,2363,2757
484,2757,7243,2437,2443,2363,2757
485,2757,7243,2437,2443,2363,2757
486,2757,7243,2437,2443,2363,2757
487,2758,7242,2437,2442,2363,2758
488,2758,7242,2437,2442,2363,2758
489,2759,7241,2437,2442,2362,2759
490,2760,7240,2437,2442,2361,2760
491,2760,7240,2437,2442,2361,2760
492,2761,7239,2436,2442,2361,2761
493,2761,7239,2436,2442,2361,2761
494,2763,7237,2435,2441,2361,2763
495,2764,7236,2434,2441,2361,2764
496,2765,7235,2433,2441,2361,2765
497,2767,7233,2431,2441,2361,2767
498,2768,7232,2431,2440,2361,2768
499,2770,7230,2430,2440,2360,2770
500,2771,7229,2429,2440,2360,2771
501,2772,7228,2428,2440,2360,2772
502,2773,7227,2428,2440,2359,2773
503,2773,7227,2428,2440,2359,2773
504,2773,7227,2428,2440,2359,2773
505,2774,7226,2428,2439,2359,2774
506,2774,7226,2428,2439,2359,2774
507,2775,7225,2427,2439,2359,2775
508,2775,7225,2427,2439,2359,2775
509,2776,7224,2427,2438,2359,2776
510,2777,7223,2427,2437,2359,2777
511,2778,7222,2427,2436,2359,2778
512,2778,7222,2427,2436,2359,2778
513,2779,7221,2427,2436,2358,2779
514,2780,7220,2427,2436,2357,2780
515,2781,7219,2427,2435,2357,2781
516,2783,7217,2427,2434,2356,2783
517,2785,7215,2427,2433,2355,2785
518,2785,7215,2427,2433,2355,2785
519,2785,7215,2427,2433,2355,2785
520,2787,7213,2425,2433,2355,2787
521,2787,7213,2425,2433,2355,2787
522,2787,7213,2425,2433,2355,2787
523,2789,7211,2424,2433,2354,2789
524,2789,7211,2424,2433,2354,2789
525,2791,7209,2422,2433,2354,2791
526,2792,7208,2421,2433,2354,2792
527,2793,7207,2421,2433,2353,2793
528,2794,7206,2421,2432,2353,2794
529,2795,7205,2421,2432,2352,2795
530,2797,7203,2419,2432,2352,2797
531,2798,7202,2418,2432,2352,2798
532,2798,7202,2418,2432,2352,2798
533,2798,7202,2418,2432,2352,2798
534,2800,7200,2417,2431,2352,2800
535,2802,7198,2416,2430,2352,2802
536,2802,7198,2416,2430,2352,2802
537,2803,7197,2415,2430,2352,2803
538,2803,7197,2415,2430,2352,2803
539,2803,7197,2415,2430,2352,2803
540,2803,7197,2415,2430,2352,2803
541,2803,7197,2415,2430,2352,2803
542,2804,7196,2415,2429,2352,2804
543,2804,7196,2415,2429,2352,2804
544,2804,7196,2415,2429,2352,2804
545,2805,7195,2415,2429,2351,2805
546,2807,7193,2414,2428,2351,2807
547,2807,7193,2414,2428,2351,2807
548,2807,7193,2414,2428,2351,2807
549,2808,7192,2413,2428,2351,2808
550,2809,7191,2413,2428,2350,2809
551,2809,7191,2413,2428,2350,2809
552,2809,7191,2413,2428,2350,2809
553,2809,7191,2413,2428,2350,2809
554,2810,7190,2413,2427,2350,2810
555,2810,7190,2413,2427,2350,2810
556,2811,7189,2412,2427,2350,2811
557,2811,7189,2412,2427,2350,2811
558,2812,7188,2412,2427,2349,2812
559,2813,7187,2411,2427,2349,2813
560,2813,7187,2411,2427,2349,2813
561,2813,7187,2411,2427,2349,2813
562,2813,7187,2411,2427,2349,2813
563,2813,7187,2411,2427,2349,2813
564,2813,7187,2411,2427,2349,2813
565,2813,7187,2411,2427,2349,2813
566,2815,7185,2411,2427,2347,2815
567,2816,7184,2410,2427,2347,2816
568,2816,7184,2410,2427,2347,2816
569,2816,7184,2410,2427,2347,2816
570,2816,7184,2410,2427,2347,2816
571,2816,7184,2410,2427,2347,2816
572,2817,7183,2410,2426,2347,2817
573,2817,7183,2410,2426,2347,2817
574,2817,7183,2410,2426,2347,2817
575,2820,7180,2410,2424,2346,2820
576,2821,7179,2409,2424,2346,2821
577,2821,7179,2409,2424,2346,2821
578,2824,7176,2409,2424,2343,2824
579,2826,7174,2408,2424,2342,2826
580,2826,7174,2408,2424,2342,2826
581,2826,7174,2408,2424,2342,2826
582,2826,7174,2408,2424,2342,2826
583,2826,7174,2408,2424,2342,2826
584,2827,7173,2407,2424,2342,2827
585,2829,7171,2407,2422,2342,2829
586,2830,7170,2407,2422,2341,2830
587,2830,7170,2407,2422,2341,2830
588,2831,7169,2407,2421,2341,2831
589,2831,7169,2407,2421,2341,2831
590,2833,7167,2405,2421,2341,2833
591,2833,7167,2405,2421,2341,2833
592,2834,7166,2405,2421,2340,2834
593,2834,7166,2405,2421,2340,2834
594,2834,7166,2405,2421,2340,2834
595,2835,7165,2404,2421,2340,2835
596,2835,7165,2404,2421,2340,2835
597,2836,7164,2404,2420,2340,2836
598,2837,7163,2403,2420,2340,2837
599,2837,7163,2403,2420,2340,2837
600,2838,7162,2402,2420,2340,2838
601,2838,7162,2402,2420,2340,2838
602,2838,7162,2402,2420,2340,2838
603,2839,7161,2402,2419,2340,2839
604,2840,7160,2401,2419,2340,2840
605,2842,7158,2401,2418,2339,2842
606,2844,7156,2401,2417,2338,2844
607,2844,7156,2401,2417,2338,2844
608,2844,7156,2401,2417,2338,2844
609,2845,7155,2401,2417,2337,2845
610,2845,7155,2401,2417,2337,2845
611,2847,7153,2400,2416,2337,2847
612,2848,7152,2400,2415,2337,2848
613,2848,7152,2400,2415,2337,2848
614,2848,7152,2400,2415,2337,2848
615,2848,7152,2400,2415,2337,2848
616,2849,7151,2400,2414,2337,2849
617,2850,7150,2399,2414,2337,2850
618,2850,7150,2399,2414,2337,2850
619,2851,7149,2399,2413,2337,2851
620,2853,7147,2399,2411,2337,2853
621,2853,7147,2399,2411,2337,2853
622,2854,7146,2399,2411,2336,2854
623,2854,7146,2399,2411,2336,2854
624,2854,7146,2399,2411,2336,2854
625,2855,7145,2398,2411,2336,2855
626,2855,7145,2398,2411,2336,2855
627,2855,7145,2398,2411,2336,2855
628,2855,7145,2398,2411,2336,2855
629,2855,7145,2398,2411,2336,2855
630,2855,7145,2398,2411,2336,2855
631,2858,7142,2398,2410,2334,2858
632,2858,7142,2398,2410,2334,2858
633,2860,7140,2397,2409,2334,2860
634,2861,7139,2397,2408,2334,2861
635,2861,7139,2397,2408,2334,2861
636,2861,7139,2397,2408,2334,2861
637,2862,7138,2397,2407,2334,2862
638,2864,7136,2397,2406,2333,2864
639,2864,7136,2397,2406,2333,2864
640,2864,7136,2397,2406,2333,2864
641,2864,7136,2397,2406,2333,2864
642,2865,7135,2396,2406,2333,2865
643,2866,7134,2396,2405,2333,2866
644,2868,7132,2395,2404,2333,2868
645,2868,7132,2395,2404,2333,2868
646,2868,7132,2395,2404,2333,2868
647,2869,7131,2395,2404,2332,2869
648,2872,7128,2394,2403,2331,2872
649,2873,7127,2393,2403,2331,2873
650,2878,7122,2391,2402,2329,2878
651,2878,7122,2391,2402,2329,2878
652,2878,7122,2391,2402,2329,2878
653,2879,7121,2390,2402,2329,2879
654,2881,7119,2390,2401,2328,2881
655,2882,7118,2390,2400,2328,2882
656,2883,7117,2390,2400,2327,2883
657,2884,7116,2390,2399,2327,2884
658,2885,7115,2390,2399,2326,2885
659,2885,7115,2390,2399,2326,2885
660,2886,7114,2390,2398,2326,2886
661,2886,7114,2390,2398,2326,2886
662,2886,7114,2390,2398,2326,2886
663,2886,7114,2390,2398,2326,2886
664,2887,7113,2389,2398,2326,2887
665,2887,7113,2389,2398,2326,2887
666,2887,7113,2389,2398,2326,2887
667,2889,7111,2388,2398,2325,2889
668,2889,7111,2388,2398,2325,2889
669,2890,7110,2388,2397,2325,2890
670,2890,7110,2388,2397,2325,2890
671,2890,7110,2388,2397,2325,2890
672,2891,7109,2387,2397,2325,2891
673,2891,7109,2387,2397,2325,2891
674,2893,7107,2387,2395,2325,2893
675,2894,7106,2387,2395,2324,2894
676,2894,7106,2387,2395,2324,2894
677,2895,7105,2386,2395,2324,2895
678,2895,7105,2386,2395,2324,2895
679,2895,7105,2386,2395,2324,2895
680,2896,7104,2386,2395,2323,2896
681,2896,7104,2386,2395,2323,2896
682,2896,7104,2386,2395,2323,2896
683,2896,7104,2386,2395,2323,2896
684,2896,7104,2386,2395,2323,2896
685,2896,7104,2386,2395,2323,2896
686,2897,7103,2385,2395,2323,2897
687,2897,7103,2385,2395,2323,2897
688,2897,7103,2385,2395,2323,2897
689,2899,7101,2385,2394,2322,2899
690,2902,7098,2384,2393,2321,2902
691,2902,7098,2384,2393,2321,2902
692,2903,7097,2384,2392,2321,2903
693,2903,7097,2384,2392,2321,2903
694,2904,7096,2384,2392,2320,2904
695,2904,7096,2384,2392,2320,2904
696,2905,7095,2383,2392,2320,2905
697,2905,7095,2383,2392,2320,2905
698,2905,7095,2383,2392,2320,2905
699,2905,7095,2383,2392,2320,2905
700,2905,7095,2383,2392,2320,2905
701,2905,7095,2383,2392,2320,2905
702,2905,7095,2383,2392,2320,2905
703,2905,7095,2383,2392,2320,2905
704,2905,7095,2383,2392,2320,2905
705,2905,7095,2383,2392,2320,2905
706,2906,7094,2382,2392,2320,2906
707,2907,7093,2381,2392,2320,2907
708,2907,7093,2381,2392,2320,2907
709,2907,7093,2381,2392,2320,2907
710,2907,7093,2381,2392,2320,2907
711,2907,7093,2381,2392,2320,2907
712,2908,7092,2381,2392,2319,2908
713,2908,7092,2381,2392,2319,2908
714,2911,7089,2380,2391,2318,2911
715,2912,7088,2379,2391,2318,2912
716,2912,7088,2379,2391,2318,2912
717,2912,7088,2379,2391,2318,2912
718,2913,7087,2378,2391,2318,2913
719,2913,7087,2378,2391,2318,2913
720,2913,7087,2378,2391,2318,2913
721,2914,7086,2378,2390,2318,2914
722,2915,7085,2378,2390,2317,2915
723,2916,7084,2378,2389,2317,2916
724,2917,7083,2377,2389,2317,2917
725,2917,7083,2377,2389,2317,2917
726,2917,7083,2377,2389,2317,2917
727,2917,7083,2377,2389,2317,2917
728,2917,7083,2377,2389,2317,2917
729,2918,7082,2376,2389,2317,2918
730,2919,7081,2375,2389,2317,2919
731,2920,7080,2375,2389,2316,2920
732,2920,7080,2375,2389,2316,2920
733,2920,7080,2375,2389,2316,2920
734,2921,7079,2375,2388,2316,2921
735,2921,7079,2375,2388,2316,2921
736,2922,7078,2374,2388,2316,2922
737,2922,7078,2374,2388,2316,2922
738,2923,7077,2374,2388,2315,2923
739,2923,7077,2374,2388,2315,2923
740,2925,7075,2373,2388,2314,2925
741,2925,7075,2373,2388,2314,2925
742,2926,7074,2373,2388,2313,2926
743,2927,7073,2373,2388,2312,2927
744,2927,7073,2373,2388,2312,2927
745,2927,7073,2373,2388,2312,2927
746,2929,7071,2373,2387,2311,2929
747,2930,7070,2373,2386,2311,2930
748,2931,7069,2373,2386,2310,2931
749,2933,7067,2372,2386,2309,2933
750,2933,7067,2372,2386,2309,2933
751,2933,7067,2372,2386,2309,2933
752,2933,7067,2372,2386,2309,2933
753,2934,7066,2372,2386,2308,2934
754,2934,7066,2372,2386,2308,2934
755,2935,7065,2372,2385,2308,2935
756,2937,7063,2371,2384,2308,2937
757,2938,7062,2371,2384,2307,2938
758,2938,7062,2371,2384,2307,2938
759,2939,7061,2370,2384,2307,2939
760,2939,7061,2370,2384,2307,2939
761,2939,7061,2370,2384,2307,2939
762,2942,7058,2370,2382,2306,2942
763,2943,7057,2369,2382,2306,2943
764,2943,7057,2369,2382,2306,2943
765,2943,7057,2369,2382,2306,2943
766,2943,7057,2369,2382,2306,2943
767,2943,7057,2369,2382,2306,2943
768,2943,7057,2369,2382,2306,2943
769,2945,7055,2367,2382,2306,2945
770,2946,7054,2367,2381,2306,2946
771,2946,7054,2367,2381,2306,2946
772,2950,7050,2366,2379,2305,2950
773,2951,7049,2365,2379,2305,2951
774,2952,7048,2365,2378,2305,2952
775,2952,7048,2365,2378,2305,2952
776,2953,7047,2364,2378,2305,2953
777,2954,7046,2363,2378,2305,2954
778,2954,7046,2363,2378,2305,2954
779,2954,7046,2363,2378,2305,2954
780,2954,7046,2363,2378,2305,2954
781,2954,7046,2363,2378,2305,2954
782,2954,7046,2363,2378,2305,2954
783,2956,7044,2363,2378,2303,2956
784,2956,7044,2363,2378,2303,2956
785,2957,7043,2363,2377,2303,2957
786,2957,7043,2363,2377,2303,2957
787,2957,7043,2363,2377,2303,2957
788,2958,7042,2362,2377,2303,2958
789,2959,7041,2362,2377,2302,2959
790,2960,7040,2362,2376,2302,2960
791,2960,7040,2362,2376,2302,2960
792,2960,7040,2362,2376,2302,2960
793,2960,7040,2362,2376,2302,2960
794,2961,7039,2361,2376,2302,2961
795,2963,7037,2361,2375,2301,2963
796,2963,7037,2361,2375,2301,2963
797,2964,7036,2360,2375,2301,2964
798,2964,7036,2360,2375,2301,2964
799,2964,7036,2360,2375,2301,2964
800,2964,7036,2360,2375,2301,2964
801,2964,7036,2360,2375,2301,2964
802,2964,7036,2360,2375,2301,2964
803,2966,7034,2360,2374,2300,2966
804,2967,7033,2360,2374,2299,2967
805,2968,7032,2359,2374,2299,2968
806,2969,7031,2358,2374,2299,2969
807,2971,7029,2358,2372,2299,2971
808,2971,7029,2358,2372,2299,2971
809,2971,7029,2358,2372,2299,2971
810,2971,7029,2358,2372,2299,2971
811,2972,7028,2357,2372,2299,2972
812,2972,7028,2357,2372,2299,2972
813,2972,7028,2357,2372,2299,2972
814,2972,7028,2357,2372,2299,2972
815,2973,7027,2357,2371,2299,2973
816,2974,7026,2356,2371,2299,2974
817,2974,7026,2356,2371,2299,2974
818,2975,7025,2356,2371,2298,2975
819,2975,7025,2356,2371,2298,2975
820,2975,7025,2356,2371,2298,2975
821,2975,7025,2356,2371,2298,2975
822,2976,7024,2355,2371,2298,2976
823,2976,7024,2355,2371,2298,2976
824,2976,7024,2355,2371,2298,2976
825,2979,7021,2353,2371,2297,2979
826,2984,7016,2351,2371,2294,2984
827,2984,7016,2351,2371,2294,2984
828,2985,7015,2350,2371,2294,2985
829,2985,7015,2350,2371,2294,2985
830,2986,7014,2349,2371,2294,2986
831,2987,7013,2349,2371,2293,2987
832,2987,7013,2349,2371,2293,2987
833,2988,7012,2348,2371,2293,2988
834,2988,7012,2348,2371,2293,2988
835,2988,7012,2348,2371,2293,2988
836,2989,7011,2347,2371,2293,2989
837,2990,7010,2346,2371,2293,2990
838,2992,7008,2346,2370,2292,2992
839,2993,7007,2346,2370,2291,2993
840,2993,7007,2346,2370,2291,2993
841,2993,7007,2346,2370,2291,2993
842,2994,7006,2346,2370,2290,2994
843,2996,7004,2345,2370,2289,2996
844,2996,7004,2345,2370,2289,2996
845,2996,7004,2345,2370,2289,2996
846,2996,7004,2345,2370,2289,2996
847,2996,7004,2345,2370,2289,2996
848,2996,7004,2345,2370,2289,2996
849,2997,7003,2344,2370,2289,2997
850,2998,7002,2344,2370,2288,2998
851,2999,7001,2343,2370,2288,2999
852,3000,7000,2343,2370,2287,3000
853,3001,6999,2343,2370,2286,3001
854,3003,6997,2342,2369,2286,3003
855,3003,6997,2342,2369,2286,3003
856,3005,6995,2341,2368,2286,3005
857,3008,6992,2341,2366,2285,3008
858,3009,6991,2341,2366,2284,3009
859,3009,6991,2341,2366,2284,3009
860,3011,6989,2340,2366,2283,3011
861,3011,6989,2340,2366,2283,3011
862,3011,6989,2340,2366,2283,3011
863,3014,6986,2339,2364,2283,3014
864,3015,6985,2339,2364,2282,3015
865,3015,6985,2339,2364,2282,3015
866,3018,6982,2338,2364,2280,3018
867,3019,6981,2337,2364,2280,3019
868,3021,6979,2336,2364,2279,3021
869,3023,6977,2336,2363,2278,3023
870,3023,6977,2336,2363,2278,3023
871,3024,6976,2336,2363,2277,3024
872,3025,6975,2336,2363,2276,3025
873,3025,6975,2336,2363,2276,3025
874,3025,6975,2336,2363,2276,3025
875,3026,6974,2336,2363,2275,3026
876,3027,6973,2335,2363,2275,3027
877,3027,6973,2335,2363,2275,3027
878,3027,6973,2335,2363,2275,3027
879,3027,6973,2335,2363,2275,3027
880,3027,6973,2335,2363,2275,3027
881,3027,6973,2335,2363,2275,3027
882,3029,6971,2335,2362,2274,3029
883,3030,6970,2334,2362,2274,3030
884,3031,6969,2334,2361,2274,3031
885,3033,6967,2333,2360,2274,3033
886,3033,6967,2333,2360,2274,3033
887,3033,6967,2333,2360,2274,3033
888,3037,6963,2333,2357,2273,3037
889,3037,6963,2333,2357,2273,3037
890,3037,6963,2333,2357,2273,3037
891,3038,6962,2332,2357,2273,3038
892,3040,6960,2330,2357,2273,3040
893,3041,6959,2330,2356,2273,3041
894,3043,6957,2330,2356,2271,3043
895,3043,6957,2330,2356,2271,3043
896,3043,6957,2330,2356,2271,3043
897,3043,6957,2330,2356,2271,3043
898,3043,6957,2330,2356,2271,3043
899,3043,6957,2330,2356,2271,3043
900,3043,6957,2330,2356,2271,3043
901,3044,6956,2330,2356,2270,3044
902,3045,6955,2330,2355,2270,3045
903,3045,6955,2330,2355,2270,3045
904,3047,6953,2330,2355,2268,3047
905,3047,6953,2330,2355,2268,3047
906,3047,6953,2330,2355,2268,3047
907,3047,6953,2330,2355,2268,3047
908,3047,6953,2330,2355,2268,3047
909,3047,6953,2330,2355,2268,3047
910,3047,6953,2330,2355,2268,3047
911,3047,6953,2330,2355,2268,3047
912,3048,6952,2330,2354,2268,3048
913,3048,6952,2330,2354,2268,3048
914,3048,6952,2330,2354,2268,3048
915,3049,6951,2330,2354,2267,3049
916,3049,6951,2330,2354,2267,3049
917,3049,6951,2330,2354,2267,3049
918,3049,6951,2330,2354,2267,3049
919,3050,6950,2330,2354,2266,3050
920,3050,6950,2330,2354,2266,3050
921,3050,6950,2330,2354,2266,3050
922,3050,6950,2330,2354,2266,3050
923,3050,6950,2330,2354,2266,3050
924,3052,6948,2328,2354,2266,3052
925,3052,6948,2328,2354,2266,3052
926,3052,6948,2328,2354,2266,3052
927,3053,6947,2328,2354,2265,3053
928,3054,6946,2327,2354,2265,3054
929,3055,6945,2326,2354,2265,3055
930,3056,6944,2325,2354,2265,3056
931,3056,6944,2325,2354,2265,3056
932,3056,6944,2325,2354,2265,3056
933,3057,6943,2324,2354,2265,3057
934,3057,6943,2324,2354,2265,3057
935,3058,6942,2323,2354,2265,3058
936,3059,6941,2323,2353,2265,3059
937,3059,6941,2323,2353,2265,3059
938,3060,6940,2323,2353,2264,3060
939,3060,6940,2323,2353,2264,3060
940,3060,6940,2323,2353,2264,3060
941,3061,6939,2323,2353,2263,3061
942,3061,6939,2323,2353,2263,3061
943,3061,6939,2323,2353,2263,3061
944,3062,6938,2322,2353,2263,3062
945,3063,6937,2321,2353,2263,3063
946,3063,6937,2321,2353,2263,3063
947,3064,6936,2321,2352,2263,3064
948,3064,6936,2321,2352,2263,3064
949,3067,6933,2320,2351,2262,3067
950,3068,6932,2320,2351,2261,3068
951,3068,6932,2320,2351,2261,3068
952,3070,6930,2319,2350,2261,3070
953,3070,6930,2319,2350,2261,3070
954,3070,6930,2319,2350,2261,3070
955,3071,6929,2319,2349,2261,3071
956,3071,6929,2319,2349,2261,3071
957,3072,6928,2318,2349,2261,3072
958,3072,6928,2318,2349,2261,3072
959,3073,6927,2318,2348,2261,3073
960,3073,6927,2318,2348,2261,3073
961,3074,6926,2318,2348,2260,3074
962,3074,6926,2318,2348,2260,3074
963,3074,6926,2318,2348,2260,3074
964,3074,6926,2318,2348,2260,3074
965,3074,6926,2318,2348,2260,3074
966,3074,6926,2318,2348,2260,3074
967,3075,6925,2317,2348,2260,3075
968,3075,6925,2317,2348,2260,3075
969,3075,6925,2317,2348,2260,3075
970,3076,6924,2316,2348,2260,3076
971,3077,6923,2316,2348,2259,3077
972,3078,6922,2315,2348,2259,3078
973,3078,6922,2315,2348,2259,3078
974,3079,6921,2315,2348,2258,3079
975,3081,6919,2313,2348,2258,3081
976,3081,6919,2313,2348,2258,3081
977,3081,6919,2313,2348,2258,3081
978,3081,6919,2313,2348,2258,3081
979,3081,6919,2313,2348,2258,3081
980,3081,6919,2313,2348,2258,3081
981,3083,6917,2312,2347,2258,3083
982,3083,6917,2312,2347,2258,3083
983,3084,6916,2312,2346,2258,3084
984,3085,6915,2311,2346,2258,3085
985,3086,6914,2311,2346,2257,3086
986,3086,6914,2311,2346,2257,3086
987,3087,6913,2311,2345,2257,3087
988,3087,6913,2311,2345,2257,3087
989,3087,6913,2311,2345,2257,3087
990,3088,6912,2311,2344,2257,3088
991,3088,6912,2311,2344,2257,3088
992,3088,6912,2311,2344,2257,3088
993,3088,6912,2311,2344,2257,3088
994,3088,6912,2311,2344,2257,3088
995,3088,6912,2311,2344,2257,3088
996,3088,6912,2311,2344,2257,3088
997,3088,6912,2311,2344,2257,3088
998,3089,6911,2311,2344,2256,3089
999,3089,6911,2311,2344,2256,3089
1000,3089,6911,2311,2344,2256,3089
1001,3089,6911,2311,2344,2256,3089
1002,3089,6911,2311,2344,2256,3089
1003,3089,6911,2311,2344,2256,3089
1004,3089,6911,2311,2344,2256,3089
1005,3089,6911,2311,2344,2256,3089
1006,3089,6911,2311,2344,2256,3089
1007,3089,6911,2311,2344,2256,3089
1008,3089,6911,2311,2344,2256,3089
1009,3090,6910,2310,2344,2256,3090
1010,3092,6908,2310,2343,2255,3092
1011,3092,6908,2310,2343,2255,3092
1012,3092,6908,2310,2343,2255,3092
1013,3092,6908,2310,2343,2255,3092
1014,3093,6907,2310,2343,2254,3093
1015,3093,6907,2310,2343,2254,3093
1016,3094,6906,2310,2343,2253,3094
1017,3096,6904,2309,2343,2252,3096
1018,3096,6904,2309,2343,2252,3096
1019,3096,6904,2309,2343,2252,3096
1020,3097,6903,2308,2343,2252,3097
1021,3097,6903,2308,2343,2252,3097
1022,3098,6902,2307,2343,2252,3098
1023,3099,6901,2307,2342,2252,3099
1024,3099,6901,2307,2342,2252,3099
1025,3099,6901,2307,2342,2252,3099
1026,3099,6901,2307,2342,2252,3099
1027,3099,6901,2307,2342,2252,3099
1028,3101,6899,2307,2340,2252,3101
1029,3102,6898,2307,2340,2251,3102
1030,3102,6898,2307,2340,2251,3102
1031,3102,6898,2307,2340,2251,3102
1032,3102,6898,2307,2340,2251,3102
1033,3102,6898,2307,2340,2251,3102
1034,3104,6896,2306,2339,2251,3104
1035,3104,6896,2306,2339,2251,3104
1036,3105,6895,2306,2339,2250,3105
1037,3105,6895,2306,2339,2250,3105
1038,3105,6895,2306,2339,2250,3105
1039,3105,6895,2306,2339,2250,3105
1040,3105,6895,2306,2339,2250,3105
1041,3107,6893,2306,2337,2250,3107
1042,3108,6892,2306,2337,2249,3108
1043,3108,6892,2306,2337,2249,3108
1044,3111,6889,2305,2337,2247,3111
1045,3111,6889,2305,2337,2247,3111
1046,3111,6889,2305,2337,2247,3111
1047,3111,6889,2305,2337,2247,3111
1048,3111,6889,2305,2337,2247,3111
1049,3112,6888,2304,2337,2247,3112
1050,3113,6887,2304,2336,2247,3113
1051,3113,6887,2304,2336,2247,3113
1052,3113,6887,2304,2336,2247,3113
1053,3114,6886,2304,2336,2246,3114
1054,3115,6885,2303,2336,2246,3115
1055,3115,6885,2303,2336,2246,3115
1056,3115,6885,2303,2336,2246,3115
1057,3117,6883,2302,2335,2246,3117
1058,3117,6883,2302,2335,2246,3117
1059,3118,6882,2302,2335,2245,3118
1060,3119,6881,2302,2334,2245,3119
1061,3120,6880,2302,2334,2244,3120
1062,3120,6880,2302,2334,2244,3120
1063,3121,6879,2301,2334,2244,3121
1064,3121,6879,2301,2334,2244,3121
1065,3122,6878,2301,2333,2244,3122
1066,3122,6878,2301,2333,2244,3122
1067,3122,6878,2301,2333,2244,3122
1068,3122,6878,2301,2333,2244,3122
1069,3123,6877,2300,2333,2244,3123
1070,3123,6877,2300,2333,2244,3123
1071,3124,6876,2300,2333,2243,3124
1072,3124,6876,2300,2333,2243,3124
1073,3124,6876,2300,2333,2243,3124
1074,3125,6875,2299,2333,2243,3125
1075,3127,6873,2299,2332,2242,3127
1076,3127,6873,2299,2332,2242,3127
1077,3128,6872,2299,2331,2242,3128
1078,3129,6871,2299,2330,2242,3129
1079,3130,6870,2298,2330,2242,3130
1080,3130,6870,2298,2330,2242,3130
1081,3130,6870,2298,2330,2242,3130
1082,3132,6868,2298,2330,2240,3132
1083,3133,6867,2298,2330,2239,3133
1084,3135,6865,2297,2329,2239,3135
1085,3136,6864,2297,2329,2238,3136
1086,3137,6863,2296,2329,2238,3137
1087,3137,6863,2296,2329,2238,3137
1088,3137,6863,2296,2329,2238,3137
1089,3137,6863,2296,2329,2238,3137
1090,3138,6862,2296,2328,2238,3138
1091,3139,6861,2296,2328,2237,3139
1092,3139,6861,2296,2328,2237,3139
1093,3140,6860,2295,2328,2237,3140
1094,3140,6860,2295,2328,2237,3140
1095,3140,6860,2295,2328,2237,3140
1096,3141,6859,2294,2328,2237,3141
1097,3141,6859,2294,2328,2237,3141
1098,3141,6859,2294,2328,2237,3141
1099,3141,6859,2294,2328,2237,3141
1100,3141,6859,2294,2328,2237,3141
1101,3142,6858,2294,2328,2236,3142
1102,3143,6857,2294,2328,2235,3143
1103,3143,6857,2294,2328,2235,3143
1104,3145,6855,2294,2326,2235,3145
1105,3145,6855,2294,2326,2235,3145
1106,3145,6855,2294,2326,2235,3145
1107,3145,6855,2294,2326,2235,3145
1108,3146,6854,2294,2325,2235,3146
1109,3146,6854,2294,2325,2235,3146
1110,3147,6853,2294,2325,2234,3147
1111,3147,6853,2294,2325,2234,3147
1112,3147,6853,2294,2325,2234,3147
1113,3149,6851,2292,2325,2234,3149
1114,3150,6850,2292,2324,2234,3150
1115,3151,6849,2292,2324,2233,3151
1116,3151,6849,2292,2324,2233,3151
1117,3152,6848,2292,2323,2233,3152
1118,3152,6848,2292,2323,2233,3152
1119,3153,6847,2292,2323,2232,3153
1120,3154,6846,2292,2322,2232,3154
1121,3154,6846,2292,2322,2232,3154
1122,3154,6846,2292,2322,2232,3154
1123,3154,6846,2292,2322,2232,3154
1124,3154,6846,2292,2322,2232,3154
1125,3155,6845,2292,2321,2232,3155
1126,3155,6845,2292,2321,2232,3155
1127,3157,6843,2292,2320,2231,3157
1128,3159,6841,2290,2320,2231,3159
1129,3159,6841,2290,2320,2231,3159
1130,3159,6841,2290,2320,2231,3159
1131,3159,6841,2290,2320,2231,3159
1132,3160,6840,2289,2320,2231,3160
1133,3161,6839,2288,2320,2231,3161
1134,3162,6838,2287,2320,2231,3162
1135,3165,6835,2287,2319,2229,3165
1136,3167,6833,2287,2319,2227,3167
1137,3167,6833,2287,2319,2227,3167
1138,3167,6833,2287,2319,2227,3167
1139,3167,6833,2287,2319,2227,3167
1140,3168,6832,2287,2319,2226,3168
1141,3168,6832,2287,2319,2226,3168
1142,3170,6830,2286,2319,2225,3170
1143,3170,6830,2286,2319,2225,3170
1144,3170,6830,2286,2319,2225,3170
1145,3173,6827,2286,2317,2224,3173
1146,3173,6827,2286,2317,2224,3173
1147,3174,6826,2285,2317,2224,3174
1148,3175,6825,2285,2317,2223,3175
1149,3176,6824,2285,2316,2223,3176
1150,3177,6823,2284,2316,2223,3177
1151,3177,6823,2284,2316,2223,3177
1152,3177,6823,2284,2316,2223,3177
1153,3177,6823,2284,2316,2223,3177
1154,3177,6823,2284,2316,2223,3177
1155,3179,6821,2283,2316,2222,3179
1156,3180,6820,2282,2316,2222,3180
1157,3180,6820,2282,2316,2222,3180
1158,3180,6820,2282,2316,2222,3180
1159,3180,6820,2282,2316,2222,3180
1160,3180,6820,2282,2316,2222,3180
1161,3181,6819,2281,2316,2222,3181
1162,3181,6819,2281,2316,2222,3181
1163,3184,6816,2280,2314,2222,3184
1164,3184,6816,2280,2314,2222,3184
1165,3186,6814,2280,2313,2221,3186
1166,3188,6812,2279,2312,2221,3188
1167,3189,6811,2278,2312,2221,3189
1168,3190,6810,2278,2311,2221,3190
1169,3192,6808,2278,2311,2219,3192
1170,3192,6808,2278,2311,2219,3192
1171,3192,6808,2278,2311,2219,3192
1172,3192,6808,2278,2311,2219,3192
1173,3192,6808,2278,2311,2219,3192
1174,3192,6808,2278,2311,2219,3192
1175,3192,6808,2278,2311,2219,3192
1176,3192,6808,2278,2311,2219,3192
1177,3192,6808,2278,2311,2219,3192
1178,3192,6808,2278,2311,2219,3192
1179,3193,6807,2278,2311,2218,3193
1180,3193,6807,2278,2311,2218,3193
1181,3193,6807,2278,2311,2218,3193
1182,3193,6807,2278,2311,2218,3193
1183,3195,6805,2277,2310,2218,3195
1184,3195,6805,2277,2310,2218,3195
1185,3196,6804,2276,2310,2218,3196
1186,3196,6804,2276,2310,2218,3196
1187,3196,6804,2276,2310,2218,3196
1188,3196,6804,2276,2310,2218,3196
1189,3198,6802,2276,2308,2218,3198
1190,3199,6801,2276,2307,2218,3199
1191,3200,6800,2275,2307,2218,3200
1192,3200,6800,2275,2307,2218,3200
1193,3200,6800,2275,2307,2218,3200
1194,3200,6800,2275,2307,2218,3200
1195,3201,6799,2274,2307,2218,3201
1196,3202,6798,2274,2307,2217,3202
1197,3203,6797,2273,2307,2217,3203
1198,3203,6797,2273,2307,2217,3203
1199,3203,6797,2273,2307,2217,3203
1200,3204,6796,2273,2307,2216,3204
1201,3204,6796,2273,2307,2216,3204
1202,3204,6796,2273,2307,2216,3204
1203,3205,6795,2273,2307,2215,3205
1204,3205,6795,2273,2307,2215,3205
1205,3206,6794,2273,2306,2215,3206
1206,3207,6793,2273,2306,2214,3207
1207,3209,6791,2273,2304,2214,3209
1208,3209,6791,2273,2304,2214,3209
1209,3209,6791,2273,2304,2214,3209
1210,3211,6789,2273,2303,2213,3211
1211,3211,6789,2273,2303,2213,3211
1212,3211,6789,2273,2303,2213,3211
1213,3211,6789,2273,2303,2213,3211
1214,3211,6789,2273,2303,2213,3211
1215,3211,6789,2273,2303,2213,3211
1216,3211,6789,2273,2303,2213,3211
1217,3211,6789,2273,2303,2213,3211
1218,3211,6789,2273,2303,2213,3211
1219,3213,6787,2272,2302,2213,3213
1220,3214,6786,2272,2302,2212,3214
1221,3214,6786,2272,2302,2212,3214
1222,3215,6785,2272,2301,2212,3215
1223,3215,6785,2272,2301,2212,3215
1224,3215,6785,2272,2301,2212,3215
1225,3216,6784,2271,2301,2212,3216
1226,3216,6784,2271,2301,2212,3216
1227,3217,6783,2270,2301,2212,3217
1228,3217,6783,2270,2301,2212,3217
1229,3219,6781,2269,2300,2212,3219
1230,3221,6779,2269,2299,2211,3221
1231,3221,6779,2269,2299,2211,3221
1232,3221,6779,2269,2299,2211,3221
1233,3222,6778,2269,2298,2211,3222
1234,3223,6777,2269,2297,2211,3223
1235,3223,6777,2269,2297,2211,3223
1236,3223,6777,2269,2297,2211,3223
1237,3223,6777,2269,2297,2211,3223
1238,3223,6777,2269,2297,2211,3223
1239,3223,6777,2269,2297,2211,3223
1240,3224,6776,2268,2297,2211,3224
1241,3227,6773,2267,2297,2209,3227
1242,3227,6773,2267,2297,2209,3227
1243,3227,6773,2267,2297,2209,3227
1244,3227,6773,2267,2297,2209,3227
1245,3228,6772,2267,2297,2208,3228
1246,3231,6769,2265,2296,2208,3231
1247,3231,6769,2265,2296,2208,3231
1248,3232,6768,2264,2296,2208,3232
1249,3234,6766,2263,2296,2207,3234
1250,3237,6763,2263,2294,2206,3237
1251,3237,6763,2263,2294,2206,3237
1252,3239,6761,2263,2293,2205,3239
1253,3239,6761,2263,2293,2205,3239
1254,3241,6759,2262,2293,2204,3241
1255,3241,6759,2262,2293,2204,3241
1256,3241,6759,2262,2293,2204,3241
1257,3241,6759,2262,2293,2204,3241
1258,3244,6756,2262,2292,2202,3244
1259,3246,6754,2262,2291,2201,3246
1260,3247,6753,2261,2291,2201,3247
1261,3247,6753,2261,2291,2201,3247
1262,3247,6753,2261,2291,2201,3247
1263,3248,6752,2261,2290,2201,3248
1264,3249,6751,2261,2289,2201,3249
1265,3250,6750,2261,2288,2201,3250
1266,3251,6749,2260,2288,2201,3251
1267,3251,6749,2260,2288,2201,3251
1268,3251,6749,2260,2288,2201,3251
1269,3251,6749,2260,2288,2201,3251
1270,3251,6749,2260,2288,2201,3251
1271,3252,6748,2260,2287,2201,3252
1272,3253,6747,2259,2287,2201,3253
1273,3253,6747,2259,2287,2201,3253
1274,3255,6745,2259,2285,2201,3255
1275,3257,6743,2258,2284,2201,3257
1276,3258,6742,2258,2284,2200,3258
1277,3260,6740,2257,2284,2199,3260
1278,3260,6740,2257,2284,2199,3260
1279,3262,6738,2256,2284,2198,3262
1280,3263,6737,2256,2284,2197,3263
1281,3264,6736,2256,2283,2197,3264
1282,3264,6736,2256,2283,2197,3264
1283,3264,6736,2256,2283,2197,3264
1284,3265,6735,2256,2282,2197,3265
1285,3265,6735,2256,2282,2197,3265
1286,3265,6735,2256,2282,2197,3265
1287,3265,6735,2256,2282,2197,3265
1288,3265,6735,2256,2282,2197,3265
1289,3265,6735,2256,2282,2197,3265
1290,3265,6735,2256,2282,2197,3265
1291,3266,6734,2256,2281,2197,3266
1292,3266,6734,2256,2281,2197,3266
1293,3266,6734,2256,2281,2197,3266
1294,3267,6733,2256,2280,2197,3267
1295,3267,6733,2256,2280,2197,3267
1296,3268,6732,2256,2279,2197,3268
1297,3268,6732,2256,2279,2197,3268
1298,3268,6732,2256,2279,2197,3268
1299,3268,6732,2256,2279,2197,3268
1300,3269,6731,2256,2279,2196,3269
1301,3269,6731,2256,2279,2196,3269
1302,3269,6731,2256,2279,2196,3269
1303,3270,6730,2256,2278,2196,3270
1304,3270,6730,2256,2278,2196,3270
1305,3272,6728,2256,2277,2195,3272
1306,3273,6727,2255,2277,2195,3273
1307,3273,6727,2255,2277,2195,3273
1308,3274,6726,2254,2277,2195,3274
1309,3274,6726,2254,2277,2195,3274
1310,3274,6726,2254,2277,2195,3274
1311,3274,6726,2254,2277,2195,3274
1312,3274,6726,2254,2277,2195,3274
1313,3276,6724,2253,2276,2195,3276
1314,3276,6724,2253,2276,2195,3276
1315,3276,6724,2253,2276,2195,3276
1316,3276,6724,2253,2276,2195,3276
1317,3277,6723,2252,2276,2195,3277
1318,3279,6721,2251,2275,2195,3279
1319,3279,6721,2251,2275,2195,3279
1320,3281,6719,2250,2274,2195,3281
1321,3281,6719,2250,2274,2195,3281
1322,3281,6719,2250,2274,2195,3281
1323,3281,6719,2250,2274,2195,3281
1324,3281,6719,2250,2274,2195,3281
1325,3282,6718,2249,2274,2195,3282
1326,3285,6715,2248,2273,2194,3285
1327,3286,6714,2248,2272,2194,3286
1328,3287,6713,2248,2271,2194,3287
1329,3288,6712,2248,2271,2193,3288
1330,3289,6711,2247,2271,2193,3289
1331,3290,6710,2246,2271,2193,3290
1332,3291,6709,2246,2271,2192,3291
1333,3291,6709,2246,2271,2192,3291
1334,3291,6709,2246,2271,2192,3291
1335,3292,6708,2246,2271,2191,3292
1336,3292,6708,2246,2271,2191,3292
1337,3292,6708,2246,2271,2191,3292
1338,3294,6706,2244,2271,2191,3294
1339,3294,6706,2244,2271,2191,3294
1340,3295,6705,2243,2271,2191,3295
1341,3296,6704,2243,2270,2191,3296
1342,3296,6704,2243,2270,2191,3296
1343,3297,6703,2242,2270,2191,3297
1344,3297,6703,2242,2270,2191,3297
1345,3299,6701,2242,2268,2191,3299
1346,3302,6698,2240,2267,2191,3302
1347,3303,6697,2239,2267,2191,3303
1348,3303,6697,2239,2267,2191,3303
1349,3303,6697,2239,2267,2191,3303
1350,3305,6695,2238,2266,2191,3305
1351,3306,6694,2238,2265,2191,3306
1352,3306,6694,2238,2265,2191,3306
1353,3307,6693,2238,2264,2191,3307
1354,3308,6692,2237,2264,2191,3308
1355,3308,6692,2237,2264,2191,3308
1356,3309,6691,2237,2263,2191,3309
1357,3309,6691,2237,2263,2191,3309
1358,3309,6691,2237,2263,2191,3309
1359,3309,6691,2237,2263,2191,3309
1360,3310,6690,2237,2263,2190,3310
1361,3310,6690,2237,2263,2190,3310
1362,3311,6689,2236,2263,2190,3311
1363,3312,6688,2236,2263,2189,3312
1364,3312,6688,2236,2263,2189,3312
1365,3312,6688,2236,2263,2189,3312
1366,3313,6687,2235,2263,2189,3313
1367,3314,6686,2235,2262,2189,3314
1368,3317,6683,2235,2261,2187,3317
1369,3318,6682,2235,2261,2186,3318
1370,3319,6681,2234,2261,2186,3319
1371,3320,6680,2234,2261,2185,3320
1372,3320,6680,2234,2261,2185,3320
1373,3322,6678,2234,2261,2183,3322
1374,3323,6677,2234,2260,2183,3323
1375,3323,6677,2234,2260,2183,3323
1376,3323,6677,2234,2260,2183,3323
1377,3323,6677,2234,2260,2183,3323
1378,3324,6676,2233,2260,2183,3324
1379,3325,6675,2232,2260,2183,3325
1380,3325,6675,2232,2260,2183,3325
1381,3325,6675,2232,2260,2183,3325
1382,3326,6674,2232,2259,2183,3326
1383,3327,6673,2232,2258,2183,3327
1384,3327,6673,2232,2258,2183,3327
1385,3328,6672,2232,2257,2183,3328
1386,3328,6672,2232,2257,2183,3328
1387,3328,6672,2232,2257,2183,3328
1388,3329,6671,2232,2256,2183,3329
1389,3329,6671,2232,2256,2183,3329
1390,3329,6671,2232,2256,2183,3329
1391,3330,6670,2232,2256,2182,3330
1392,3331,6669,2232,2256,2181,3331
1393,3333,6667,2231,2255,2181,3333
1394,3333,6667,2231,2255,2181,3333
1395,3334,6666,2231,2254,2181,3334
1396,3334,6666,2231,2254,2181,3334
1397,3336,6664,2231,2254,2179,3336
1398,3337,6663,2231,2254,2178,3337
1399,3338,6662,2230,2254,2178,3338
1400,3338,6662,2230,2254,2178,3338
1401,3339,6661,2230,2253,2178,3339
1402,3339,6661,2230,2253,2178,3339
1403,3339,6661,2230,2253,2178,3339
1404,3339,6661,2230,2253,2178,3339
1405,3339,6661,2230,2253,2178,3339
1406,3339,6661,2230,2253,2178,3339
1407,3340,6660,2229,2253,2178,3340
1408,3341,6659,2228,2253,2178,3341
1409,3341,6659,2228,2253,2178,3341
1410,3342,6658,2227,2253,2178,3342
1411,3343,6657,2227,2253,2177,3343
1412,3344,6656,2226,2253,2177,3344
1413,3344,6656,2226,2253,2177,3344
1414,3345,6655,2226,2253,2176,3345
1415,3346,6654,2225,2253,2176,3346
1416,3347,6653,2225,2253,2175,3347
1417,3347,6653,2225,2253,2175,3347
1418,3347,6653,2225,2253,2175,3347
1419,3348,6652,2225,2252,2175,3348
1420,3349,6651,2225,2252,2174,3349
1421,3351,6649,2224,2252,2173,3351
1422,3351,6649,2224,2252,2173,3351
1423,3351,6649,2224,2252,2173,3351
1424,3351,6649,2224,2252,2173,3351
1425,3351,6649,2224,2252,2173,3351
1426,3352,6648,2223,2252,2173,3352
1427,3352,6648,2223,2252,2173,3352
1428,3353,6647,2222,2252,2173,3353
1429,3355,6645,2222,2251,2172,3355
1430,3355,6645,2222,2251,2172,3355
1431,3355,6645,2222,2251,2172,3355
1432,3355,6645,2222,2251,2172,3355
1433,3355,6645,2222,2251,2172,3355
1434,3355,6645,2222,2251,2172,3355
1435,3356,6644,2221,2251,2172,3356
1436,3356,6644,2221,2251,2172,3356
1437,3357,6643,2221,2251,2171,3357
1438,3358,6642,2221,2250,2171,3358
1439,3359,6641,2220,2250,2171,3359
1440,3359,6641,2220,2250,2171,3359
1441,3359,6641,2220,2250,2171,3359
1442,3361,6639,2219,2250,2170,3361
1443,3363,6637,2217,2250,2170,3363
1444,3364,6636,2216,2250,2170,3364
1445,3364,6636,2216,2250,2170,3364
1446,3366,6634,2214,2250,2170,3366
1447,3366,6634,2214,2250,2170,3366
1448,3366,6634,2214,2250,2170,3366
1449,3367,6633,2214,2249,2170,3367
1450,3367,6633,2214,2249,2170,3367
1451,3368,6632,2214,2248,2170,3368
1452,3368,6632,2214,2248,2170,3368
1453,3369,6631,2213,2248,2170,3369
1454,3371,6629,2213,2247,2169,3371
1455,3371,6629,2213,2247,2169,3371
1456,3371,6629,2213,2247,2169,3371
1457,3371,6629,2213,2247,2169,3371
1458,3372,6628,2213,2246,2169,3372
1459,3373,6627,2213,2246,2168,3373
1460,3373,6627,2213,2246,2168,3373
1461,3373,6627,2213,2246,2168,3373
1462,3373,6627,2213,2246,2168,3373
1463,3375,6625,2213,2244,2168,3375
1464,3376,6624,2212,2244,2168,3376
1465,3376,6624,2212,2244,2168,3376
1466,3377,6623,2211,2244,2168,3377
1467,3379,6621,2210,2243,2168,3379
1468,3380,6620,2209,2243,2168,3380
1469,3381,6619,2208,2243,2168,3381
1470,3381,6619,2208,2243,2168,3381
1471,3382,6618,2207,2243,2168,3382
1472,3382,6618,2207,2243,2168,3382
1473,3382,6618,2207,2243,2168,3382
1474,3382,6618,2207,2243,2168,3382
1475,3383,6617,2207,2243,2167,3383
1476,3383,6617,2207,2243,2167,3383
1477,3384,6616,2206,2243,2167,3384
1478,3384,6616,2206,2243,2167,3384
1479,3384,6616,2206,2243,2167,3384
1480,3385,6615,2205,2243,2167,3385
1481,3386,6614,2205,2243,2166,3386
1482,3388,6612,2204,2243,2165,3388
1483,3388,6612,2204,2243,2165,3388
1484,3390,6610,2204,2242,2164,3390
1485,3391,6609,2204,2242,2163,3391
1486,3391,6609,2204,2242,2163,3391
1487,3392,6608,2203,2242,2163,3392
1488,3393,6607,2203,2242,2162,3393
1489,3393,6607,2203,2242,2162,3393
1490,3394,6606,2203,2241,2162,3394
1491,3394,6606,2203,2241,2162,3394
1492,3396,6604,2201,2241,2162,3396
1493,3397,6603,2201,2240,2162,3397
1494,3397,6603,2201,2240,2162,3397
1495,3397,6603,2201,2240,2162,3397
1496,3398,6602,2200,2240,2162,3398
1497,3398,6602,2200,2240,2162,3398
1498,3399,6601,2199,2240,2162,3399
1499,3399,6601,2199,2240,2162,3399
1500,3400,6600,2199,2240,2161,3400
1501,3403,6597,2199,2239,2159,3403
1502,3404,6596,2199,2239,2158,3404
1503,3404,6596,2199,2239,2158,3404
1504,3404,6596,2199,2239,2158,3404
1505,3405,6595,2198,2239,2158,3405
1506,3405,6595,2198,2239,2158,3405
1507,3405,6595,2198,2239,2158,3405
1508,3405,6595,2198,2239,2158,3405
1509,3405,6595,2198,2239,2158,3405
1510,3405,6595,2198,2239,2158,3405
1511,3406,6594,2198,2239,2157,3406
1512,3407,6593,2197,2239,2157,3407
1513,3408,6592,2197,2239,2156,3408
1514,3408,6592,2197,2239,2156,3408
1515,3409,6591,2197,2238,2156,3409
1516,3410,6590,2197,2237,2156,3410
1517,3410,6590,2197,2237,2156,3410
1518,3410,6590,2197,2237,2156,3410
1519,3410,6590,2197,2237,2156,3410
1520,3410,6590,2197,2237,2156,3410
1521,3411,6589,2197,2236,2156,3411
1522,3413,6587,2196,2236,2155,3413
1523,3414,6586,2196,2236,2154,3414
1524,3414,6586,2196,2236,2154,3414
1525,3415,6585,2196,2235,2154,3415
1526,3416,6584,2195,2235,2154,3416
1527,3418,6582,2195,2235,2152,3418
1528,3420,6580,2193,2235,2152,3420
1529,3420,6580,2193,2235,2152,3420
1530,3421,6579,2193,2234,2152,3421
1531,3423,6577,2192,2233,2152,3423
1532,3423,6577,2192,2233,2152,3423
1533,3424,6576,2191,2233,2152,3424
1534,3424,6576,2191,2233,2152,3424
1535,3424,6576,2191,2233,2152,3424
1536,3424,6576,2191,2233,2152,3424
1537,3425,6575,2191,2233,2151,3425
1538,3427,6573,2190,2232,2151,3427
1539,3427,6573,2190,2232,2151,3427
1540,3428,6572,2189,2232,2151,3428
1541,3429,6571,2188,2232,2151,3429
1542,3431,6569,2187,2232,2150,3431
1543,3431,6569,2187,2232,2150,3431
1544,3432,6568,2186,2232,2150,3432
1545,3433,6567,2185,2232,2150,3433
1546,3433,6567,2185,2232,2150,3433
1547,3433,6567,2185,2232,2150,3433
1548,3434,6566,2185,2232,2149,3434
1549,3434,6566,2185,2232,2149,3434
1550,3434,6566,2185,2232,2149,3434
1551,3434,6566,2185,2232,2149,3434
1552,3434,6566,2185,2232,2149,3434
1553,3435,6565,2185,2232,2148,3435
1554,3435,6565,2185,2232,2148,3435
1555,3436,6564,2185,2231,2148,3436
1556,3436,6564,2185,2231,2148,3436
1557,3437,6563,2185,2230,2148,3437
1558,3438,6562,2184,2230,2148,3438
1559,3439,6561,2184,2230,2147,3439
1560,3439,6561,2184,2230,2147,3439
1561,3439,6561,2184,2230,2147,3439
1562,3439,6561,2184,2230,2147,3439
1563,3440,6560,2184,2229,2147,3440
1564,3441,6559,2184,2228,2147,3441
1565,3441,6559,2184,2228,2147,3441
1566,3441,6559,2184,2228,2147,3441
1567,3442,6558,2184,2227,2147,3442
1568,3444,6556,2183,2226,2147,3444
1569,3445,6555,2183,2225,2147,3445
1570,3447,6553,2183,2225,2145,3447
1571,3447,6553,2183,2225,2145,3447
1572,3449,6551,2182,2224,2145,3449
1573,3451,6549,2182,2223,2144,3451
1574,3451,6549,2182,2223,2144,3451
1575,3452,6548,2182,2222,2144,3452
1576,3453,6547,2182,2221,2144,3453
1577,3453,6547,2182,2221,2144,3453
1578,3454,6546,2182,2221,2143,3454
1579,3455,6545,2182,2221,2142,3455
1580,3458,6542,2182,2218,2142,3458
1581,3459,6541,2182,2218,2141,3459
1582,3460,6540,2182,2217,2141,3460
1583,3461,6539,2182,2217,2140,3461
1584,3462,6538,2182,2216,2140,3462
1585,3462,6538,2182,2216,2140,3462
1586,3463,6537,2182,2215,2140,3463
1587,3471,6529,2181,2212,2136,3471
1588,3476,6524,2180,2211,2133,3476
1589,3480,6520,2179,2209,2132,3480
1590,3484,6516,2178,2208,2130,3484
1591,3489,6511,2176,2207,2128,3489
1592,3494,6506,2176,2204,2126,3494
1593,3499,6501,2174,2203,2124,3499
1594,3504,6496,2173,2200,2123,3504
1595,3508,6492,2171,2198,2123,3508
1596,3515,6485,2169,2197,2119,3515
1597,3518,6482,2166,2197,2119,3518
1598,3525,6475,2162,2194,2119,3525
1599,3533,6467,2159,2191,2117,3533
1600,3540,6460,2156,2188,2116,3540
1601,3543,6457,2155,2186,2116,3543
1602,3551,6449,2151,2184,2114,3551
1603,3560,6440,2148,2180,2112,3560
1604,3565,6435,2146,2178,2111,3565
1605,3571,6429,2143,2177,2109,3571
1606,3578,6422,2140,2175,2107,3578
1607,3582,6418,2139,2173,2106,3582
1608,3587,6413,2138,2172,2103,3587
1609,3594,6406,2133,2171,2102,3594
1610,3600,6400,2132,2169,2099,3600
1611,3604,6396,2129,2168,2099,3604
1612,3609,6391,2127,2168,2096,3609
1613,3616,6384,2127,2166,2091,3616
1614,3629,6371,2124,2163,2084,3629
1615,3635,6365,2123,2162,2080,3635
1616,3639,6361,2122,2162,2077,3639
1617,3645,6355,2121,2160,2074,3645
1618,3651,6349,2119,2159,2071,3651
1619,3655,6345,2117,2158,2070,3655
1620,3664,6336,2114,2155,2067,3664
1621,3669,6331,2112,2153,2066,3669
1622,3677,6323,2111,2150,2062,3677
1623,3680,6320,2111,2148,2061,3680
1624,3683,6317,2111,2146,2060,3683
1625,3690,6310,2110,2144,2056,3690
1626,3696,6304,2107,2142,2055,3696
1627,3705,6295,2105,2138,2052,3705
1628,3711,6289,2102,2137,2050,3711
1629,3718,6282,2100,2135,2047,3718
1630,3727,6273,2100,2130,2043,3727
1631,3734,6266,2098,2128,2040,3734
1632,3743,6257,2095,2124,2038,3743
1633,3749,6251,2093,2120,2038,3749
1634,3760,6240,2091,2114,2035,3760
1635,3760,6240,2091,2114,2035,3760
1636,3768,6232,2089,2112,2031,3768
1637,3778,6222,2083,2110,2029,3778
1638,3785,6215,2081,2105,2029,3785
1639,3790,6210,2079,2103,2028,3790
1640,3793,6207,2079,2102,2026,3793
1641,3801,6199,2077,2098,2024,3801
1642,3804,6196,2077,2095,2024,3804
1643,3809,6191,2075,2092,2024,3809
1644,3814,6186,2075,2090,2021,3814
1645,3823,6177,2072,2085,2020,3823
1646,3830,6170,2070,2084,2016,3830
1647,3841,6159,2068,2078,2013,3841
1648,3844,6156,2066,2078,2012,3844
1649,3850,6150,2063,2076,2011,3850
1650,3854,6146,2063,2073,2010,3854
1651,3857,6143,2061,2072,2010,3857
1652,3864,6136,2057,2070,2009,3864
1653,3869,6131,2056,2070,2005,3869
1654,3878,6122,2054,2067,2001,3878
1655,3885,6115,2054,2063,1998,3885
1656,3891,6109,2052,2063,1994,3891
1657,3898,6102,2051,2060,1991,3898
1658,3903,6097,2050,2059,1988,3903
1659,3909,6091,2047,2058,1986,3909
1660,3911,6089,2046,2058,1985,3911
1661,3918,6082,2045,2056,1981,3918
1662,3924,6076,2043,2056,1977,3924
1663,3931,6069,2042,2054,1973,3931
1664,3936,6064,2039,2052,1973,3936
1665,3943,6057,2037,2049,1971,3943
1666,3951,6049,2033,2046,1970,3951
1667,3961,6039,2029,2042,1968,3961
1668,3969,6031,2028,2038,1965,3969
1669,3971,6029,2027,2038,1964,3971
1670,3978,6022,2024,2036,1962,3978
1671,3986,6014,2024,2034,1956,3986
1672,3988,6012,2024,2033,1955,3988
1673,3992,6008,2024,2031,1953,3992
1674,3996,6004,2021,2030,1953,3996
1675,4006,5994,2021,2023,1950,4006
1676,4010,5990,2020,2021,1949,4010
1677,4017,5983,2017,2019,1947,4017
1678,4027,5973,2010,2018,1945,4027
1679,4033,5967,2007,2016,1944,4033
1680,4040,5960,2007,2011,1942,4040
1681,4042,5958,2006,2010,1942,4042
1682,4049,5951,2004,2008,1939,4049
1683,4055,5945,2003,2005,1937,4055
1684,4059,5941,2003,2003,1935,4059
1685,4062,5938,2002,2003,1933,4062
1686,4066,5934,1999,2002,1933,4066
1687,4075,5925,1996,1998,1931,4075
1688,4081,5919,1994,1996,1929,4081
1689,4090,5910,1990,1993,1927,4090
1690,4096,5904,1988,1991,1925,4096
1691,4104,5896,1983,1990,1923,4104
1692,4113,5887,1980,1986,1921,4113
1693,4118,5882,1978,1985,1919,4118
1694,4126,5874,1976,1982,1916,4126
1695,4135,5865,1974,1978,1913,4135
1696,4140,5860,1973,1975,1912,4140
1697,4142,5858,1973,1974,1911,4142
1698,4149,5851,1972,1971,1908,4149
1699,4155,5845,1971,1969,1905,4155
1700,4162,5838,1969,1966,1903,4162
1701,4168,5832,1966,1965,1901,4168
1702,4172,5828,1966,1962,1900,4172
1703,4180,5820,1963,1960,1897,4180
1704,4183,5817,1961,1959,1897,4183
1705,4193,5807,1957,1955,1895,4193
1706,4201,5799,1955,1953,1891,4201
1707,4205,5795,1953,1952,1890,4205
1708,4208,5792,1952,1950,1890,4208
1709,4209,5791,1951,1950,1890,4209
1710,4215,5785,1950,1945,1890,4215
1711,4219,5781,1948,1943,1890,4219
1712,4223,5777,1945,1943,1889,4223
1713,4227,5773,1944,1941,1888,4227
1714,4235,5765,1942,1939,1884,4235
1715,4240,5760,1941,1938,1881,4240
1716,4243,5757,1941,1936,1880,4243
1717,4250,5750,1938,1932,1880,4250
1718,4259,5741,1935,1930,1876,4259
1719,4262,5738,1935,1928,1875,4262
1720,4271,5729,1933,1922,1874,4271
1721,4276,5724,1931,1920,1873,4276
1722,4282,5718,1928,1919,1871,4282
1723,4288,5712,1925,1918,1869,4288
1724,4296,5704,1922,1917,1865,4296
1725,4301,5699,1920,1915,1864,4301
1726,4306,5694,1917,1914,1863,4306
1727,4311,5689,1913,1914,1862,4311
1728,4315,5685,1912,1913,1860,4315
1729,4322,5678,1909,1912,1857,4322
1730,4324,5676,1908,1912,1856,4324
1731,4332,5668,1904,1911,1853,4332
1732,4335,5665,1902,1911,1852,4335
1733,4340,5660,1900,1910,1850,4340
1734,4344,5656,1899,1908,1849,4344
1735,4350,5650,1896,1907,1847,4350
1736,4353,5647,1895,1905,1847,4353
1737,4357,5643,1894,1904,1845,4357
1738,4364,5636,1890,1901,1845,4364
1739,4369,5631,1888,1900,1843,4369
1740,4373,5627,1886,1900,1841,4373
1741,4377,5623,1885,1897,1841,4377
1742,4381,5619,1883,1896,1840,4381
1743,4385,5615,1882,1895,1838,4385
1744,4387,5613,1882,1895,1836,4387
1745,4396,5604,1880,1893,1831,4396
1746,4401,5599,1879,1891,1829,4401
1747,4407,5593,1878,1889,1826,4407
1748,4413,5587,1876,1887,1824,4413
1749,4419,5581,1871,1886,1824,4419
1750,4424,5576,1870,1885,1821,4424
1751,4427,5573,1870,1883,1820,4427
1752,4431,5569,1870,1881,1818,4431
1753,4433,5567,1869,1880,1818,4433
1754,4439,5561,1867,1878,1816,4439
1755,4440,5560,1866,1878,1816,4440
1756,4441,5559,1866,1878,1815,4441
1757,4444,5556,1865,1877,1814,4444
1758,4448,5552,1863,1876,1813,4448
1759,4453,5547,1860,1874,1813,4453
1760,4456,5544,1858,1873,1813,4456
1761,4462,5538,1857,1869,1812,4462
1762,4470,5530,1857,1863,1810,4470
1763,4476,5524,1854,1863,1807,4476
1764,4487,5513,1848,1862,1803,4487
1765,4490,5510,1847,1860,1803,4490
1766,4494,5506,1845,1860,1801,4494
1767,4499,5501,1843,1858,1800,4499
1768,4502,5498,1841,1858,1799,4502
1769,4509,5491,1836,1858,1797,4509
1770,4514,5486,1833,1857,1796,4514
1771,4518,5482,1833,1855,1794,4518
1772,4529,5471,1828,1852,1791,4529
1773,4531,5469,1828,1852,1789,4531
1774,4533,5467,1827,1852,1788,4533
1775,4542,5458,1822,1851,1785,4542
1776,4548,5452,1820,1850,1782,4548
1777,4554,5446,1818,1848,1780,4554
1778,4555,5445,1817,1848,1780,4555
1779,4558,5442,1817,1845,1780,4558
1780,4563,5437,1815,1843,1779,4563
1781,4571,5429,1812,1842,1775,4571
1782,4579,5421,1810,1839,1772,4579
1783,4586,5414,1809,1835,1770,4586
1784,4591,5409,1808,1833,1768,4591
1785,4601,5399,1807,1828,1764,4601
1786,4605,5395,1805,1827,1763,4605
1787,4615,5385,1799,1825,1761,4615
1788,4625,5375,1794,1823,1758,4625
1789,4631,5369,1791,1822,1756,4631
1790,4638,5362,1787,1819,1756,4638
1791,4640,5360,1787,1818,1755,4640
1792,4648,5352,1783,1817,1752,4648
1793,4655,5345,1780,1816,1749,4655
1794,4660,5340,1777,1815,1748,4660
1795,4667,5333,1773,1815,1745,4667
1796,4672,5328,1772,1815,1741,4672
1797,4676,5324,1770,1813,1741,4676
1798,4681,5319,1767,1813,1739,4681
1799,4684,5316,1765,1812,1739,4684
1800,4689,5311,1763,1810,1738,4689
1801,4695,5305,1761,1807,1737,4695
1802,4702,5298,1758,1804,1736,4702
1803,4704,5296,1758,1804,1734,4704
1804,4713,5287,1756,1801,1730,4713
1805,4722,5278,1754,1796,1728,4722
1806,4729,5271,1752,1794,1725,4729
1807,4733,5267,1750,1794,1723,4733
1808,4743,5257,1746,1790,1721,4743
1809,4751,5249,1745,1788,1716,4751
1810,4752,5248,1745,1787,1716,4752
1811,4761,5239,1744,1784,1711,4761
1812,4762,5238,1744,1784,1710,4762
1813,4767,5233,1742,1782,1709,4767
1814,4778,5222,1738,1776,1708,4778
1815,4785,5215,1734,1774,1707,4785
1816,4792,5208,1733,1772,1703,4792
1817,4802,5198,1731,1769,1698,4802
1818,4809,5191,1727,1768,1696,4809
1819,4815,5185,1725,1766,1694,4815
1820,4823,5177,1722,1765,1690,4823
1821,4830,5170,1720,1762,1688,4830
1822,4836,5164,1717,1760,1687,4836
1823,4837,5163,1717,1760,1686,4837
1824,4843,5157,1715,1756,1686,4843
1825,4847,5153,1712,1756,1685,4847
1826,4852,5148,1709,1755,1684,4852
1827,4859,5141,1708,1751,1682,4859
1828,4868,5132,1705,1746,1681,4868
1829,4869,5131,1705,1746,1680,4869
1830,4874,5126,1705,1742,1679,4874
1831,4880,5120,1705,1740,1675,4880
1832,4884,5116,1704,1739,1673,4884
1833,4890,5110,1703,1736,1671,4890
1834,4893,5107,1702,1736,1669,4893
1835,4899,5101,1701,1731,1669,4899
1836,4907,5093,1699,1730,1664,4907
1837,4912,5088,1697,1728,1663,4912
1838,4915,5085,1695,1727,1663,4915
1839,4921,5079,1692,1726,1661,4921
1840,4925,5075,1691,1723,1661,4925
1841,4931,5069,1689,1722,1658,4931
1842,4934,5066,1689,1721,1656,4934
1843,4941,5059,1686,1719,1654,4941
1844,4942,5058,1685,1719,1654,4942
1845,4946,5054,1684,1717,1653,4946
1846,4953,5047,1680,1715,1652,4953
1847,4959,5041,1677,1713,1651,4959
1848,4962,5038,1677,1711,1650,4962
1849,4966,5034,1677,1708,1649,4966
1850,4973,5027,1676,1705,1646,4973
1851,4982,5018,1674,1702,1642,4982
1852,4986,5014,1673,1700,1641,4986
1853,4994,5006,1669,1700,1637,4994
1854,4997,5003,1668,1699,1636,4997
1855,5003,4997,1666,1697,1634,5003
1856,5012,4988,1664,1693,1631,5012
1857,5017,4983,1664,1690,1629,5017
1858,5021,4979,1664,1687,1628,5021
1859,5032,4968,1662,1682,1624,5032
1860,5038,4962,1662,1679,1621,5038
1861,5042,4958,1660,1677,1621,5042
1862,5045,4955,1659,1676,1620,5045
1863,5053,4947,1659,1671,1617,5053
1864,5063,4937,1658,1665,1614,5063
1865,5070,4930,1657,1663,1610,5070
1866,5077,4923,1656,1658,1609,5077
1867,5081,4919,1656,1655,1608,5081
1868,5085,4915,1654,1654,1607,5085
1869,5087,4913,1652,1654,1607,5087
1870,5095,4905,1646,1653,1606,5095
1871,5102,4898,1644,1650,1604,5102
1872,5109,4891,1642,1646,1603,5109
1873,5114,4886,1640,1644,1602,5114
1874,5118,4882,1639,1643,1600,5118
1875,5124,4876,1637,1641,1598,5124
1876,5128,4872,1635,1640,1597,5128
1877,5130,4870,1635,1640,1595,5130
1878,5135,4865,1634,1637,1594,5135
1879,5142,4858,1630,1636,1592,5142
1880,5144,4856,1630,1635,1591,5144
1881,5149,4851,1627,1634,1590,5149
1882,5150,4850,1626,1634,1590,5150
1883,5155,4845,1623,1633,1589,5155
1884,5157,4843,1623,1633,1587,5157
1885,5168,4832,1620,1630,1582,5168
1886,5176,4824,1616,1627,1581,5176
1887,5184,4816,1615,1622,1579,5184
1888,5191,4809,1612,1619,1578,5191
1889,5194,4806,1612,1619,1575,5194
1890,5199,4801,1611,1617,1573,5199
1891,5206,4794,1607,1615,1572,5206
1892,5211,4789,1606,1613,1570,5211
1893,5215,4785,1605,1611,1569,5215
1894,5217,4783,1605,1609,1569,5217
1895,5225,4775,1601,1607,1567,5225
1896,5231,4769,1599,1606,1564,5231
1897,5232,4768,1598,1606,1564,5232
1898,5239,4761,1598,1602,1561,5239
1899,5246,4754,1597,1600,1557,5246
1900,5249,4751,1594,1600,1557,5249
1901,5251,4749,1593,1599,1557,5251
1902,5258,4742,1589,1597,1556,5258
1903,5261,4739,1587,1597,1555,5261
1904,5269,4731,1587,1594,1550,5269
1905,5276,4724,1584,1591,1549,5276
1906,5281,4719,1581,1589,1549,5281
1907,5287,4713,1578,1587,1548,5287
1908,5290,4710,1578,1585,1547,5290
1909,5296,4704,1574,1583,1547,5296
1910,5300,4700,1572,1582,1546,5300
1911,5303,4697,1572,1581,1544,5303
1912,5308,4692,1571,1579,1542,5308
1913,5309,4691,1570,1579,1542,5309
1914,5315,4685,1568,1578,1539,5315
1915,5320,4680,1568,1576,1536,5320
1916,5324,4676,1567,1573,1536,5324
1917,5327,4673,1566,1573,1534,5327
1918,5333,4667,1566,1572,1529,5333
1919,5338,4662,1563,1570,1529,5338
1920,5345,4655,1558,1568,1529,5345
1921,5352,4648,1557,1565,1526,5352
1922,5356,4644,1555,1563,1526,5356
1923,5359,4641,1554,1561,1526,5359
1924,5362,4638,1553,1560,1525,5362
1925,5367,4633,1550,1559,1524,5367
1926,5368,4632,1550,1558,1524,5368
1927,5371,4629,1550,1557,1522,5371
1928,5377,4623,1548,1553,1522,5377
1929,5382,4618,1546,1552,1520,5382
1930,5388,4612,1543,1551,1518,5388
1931,5392,4608,1542,1550,1516,5392
1932,5397,4603,1541,1548,1514,5397
1933,5399,4601,1541,1547,1513,5399
1934,5406,4594,1538,1545,1511,5406
1935,5414,4586,1535,1543,1508,5414
1936,5421,4579,1532,1540,1507,5421
1937,5425,4575,1529,1540,1506,5425
1938,5427,4573,1528,1539,1506,5427
1939,5436,4564,1525,1537,1502,5436
1940,5442,4558,1525,1536,1497,5442
1941,5445,4555,1524,1534,1497,5445
1942,5448,4552,1524,1533,1495,5448
1943,5455,4545,1521,1530,1494,5455
1944,5463,4537,1517,1527,1493,5463
1945,5466,4534,1517,1525,1492,5466
1946,5470,4530,1516,1523,1491,5470
1947,5477,4523,1513,1521,1489,5477
1948,5482,4518,1511,1519,1488,5482
1949,5489,4511,1509,1518,1484,5489
1950,5492,4508,1507,1518,1483,5492
1951,5493,4507,1506,1518,1483,5493
1952,5498,4502,1506,1517,1479,5498
1953,5502,4498,1506,1515,1477,5502
1954,5505,4495,1503,1515,1477,5505
1955,5510,4490,1500,1513,1477,5510
1956,5514,4486,1499,1511,1476,5514
1957,5517,4483,1498,1510,1475,5517
1958,5521,4479,1495,1510,1474,5521
1959,5526,4474,1494,1510,1470,5526
1960,5528,4472,1494,1508,1470,5528
1961,5532,4468,1492,1507,1469,5532
1962,5533,4467,1492,1506,1469,5533
1963,5537,4463,1491,1505,1467,5537
1964,5542,4458,1490,1505,1463,5542
1965,5545,4455,1488,1504,1463,5545
1966,5550,4450,1485,1503,1462,5550
1967,5559,4441,1483,1498,1460,5559
1968,5564,4436,1482,1497,1457,5564
1969,5571,4429,1480,1494,1455,5571
1970,5577,4423,1479,1491,1453,5577
1971,5579,4421,1477,1491,1453,5579
1972,5581,4419,1477,1490,1452,5581
1973,5585,4415,1475,1488,1452,5585
1974,5590,4410,1474,1485,1451,5590
1975,5592,4408,1472,1485,1451,5592
1976,5596,4404,1469,1484,1451,5596
1977,5601,4399,1467,1482,1450,5601
1978,5604,4396,1467,1481,1448,5604
1979,5611,4389,1463,1480,1446,5611
1980,5617,4383,1460,1480,1443,5617
1981,5622,4378,1459,1478,1441,5622
1982,5625,4375,1457,1477,1441,5625
1983,5630,4370,1455,1476,1439,5630
1984,5633,4367,1454,1475,1438,5633
1985,5639,4361,1453,1472,1436,5639
1986,5640,4360,1452,1472,1436,5640
1987,5645,4355,1451,1471,1433,5645
1988,5647,4353,1451,1469,1433,5647
1989,5654,4346,1449,1467,1430,5654
1990,5657,4343,1448,1466,1429,5657
1991,5662,4338,1448,1462,1428,5662
1992,5665,4335,1447,1460,1428,5665
1993,5672,4328,1446,1456,1426,5672
1994,5679,4321,1442,1453,1426,5679
1995,5683,4317,1440,1453,1424,5683
1996,5690,4310,1439,1450,1421,5690
1997,5695,4305,1438,1447,1420,5695
1998,5699,4301,1436,1447,1418,5699
1999,5702,4298,1434,1446,1418,5702
2000,5706,4294,1434,1444,1416,5706
2001,5711,4289,1433,1443,1413,5711
2002,5721,4279,1430,1440,1409,5721
2003,5725,4275,1427,1440,1408,5725
2004,5729,4271,1427,1438,1406,5729
2005,5736,4264,1424,1437,1403,5736
2006,5742,4258,1423,1433,1402,5742
2007,5742,4258,1423,1433,1402,5742
2008,5747,4253,1421,1432,1400,5747
2009,5749,4251,1421,1431,1399,5749
2010,5754,4246,1418,1431,1397,5754
2011,5756,4244,1418,1430,1396,5756
2012,5764,4236,1416,1427,1393,5764
2013,5769,4231,1416,1426,1389,5769
2014,5775,4225,1413,1424,1388,5775
2015,5779,4221,1412,1422,1387,5779
2016,5783,4217,1409,1421,1387,5783
2017,5790,4210,1406,1418,1386,5790
2018,5793,4207,1405,1418,1384,5793
2019,5799,4201,1400,1418,1383,5799
2020,5805,4195,1399,1413,1383,5805
2021,5810,4190,1398,1410,1382,5810
2022,5813,4187,1398,1407,1382,5813
2023,5820,4180,1395,1406,1379,5820
2024,5823,4177,1393,1405,1379,5823
2025,5829,4171,1393,1403,1375,5829
2026,5833,4167,1390,1402,1375,5833
2027,5835,4165,1390,1402,1373,5835
2028,5841,4159,1389,1398,1372,5841
2029,5845,4155,1388,1396,1371,5845
2030,5850,4150,1385,1395,1370,5850
2031,5853,4147,1384,1394,1369,5853
2032,5861,4139,1381,1392,1366,5861
2033,5866,4134,1380,1390,1364,5866
2034,5871,4129,1378,1389,1362,5871
2035,5877,4123,1376,1388,1359,5877
2036,5879,4121,1374,1388,1359,5879
2037,5881,4119,1373,1387,1359,5881
2038,5884,4116,1373,1386,1357,5884
2039,5888,4112,1373,1383,1356,5888
2040,5893,4107,1370,1381,1356,5893
2041,5899,4101,1367,1379,1355,5899
2042,5902,4098,1366,1378,1354,5902
2043,5907,4093,1366,1376,1351,5907
2044,5914,4086,1362,1373,1351,5914
2045,5916,4084,1361,1372,1351,5916
2046,5917,4083,1360,1372,1351,5917
2047,5920,4080,1360,1372,1348,5920
2048,5926,4074,1357,1371,1346,5926
2049,5929,4071,1355,1370,1346,5929
2050,5937,4063,1352,1369,1342,5937
2051,5941,4059,1349,1368,1342,5941
2052,5946,4054,1347,1365,1342,5946
2053,5950,4050,1346,1364,1340,5950
2054,5957,4043,1344,1363,1336,5957
2055,5957,4043,1344,1363,1336,5957
2056,5960,4040,1344,1363,1333,5960
2057,5967,4033,1342,1359,1332,5967
2058,5970,4030,1341,1359,1330,5970
2059,5976,4024,1341,1355,1328,5976
2060,5981,4019,1340,1352,1327,5981
2061,5984,4016,1337,1352,1327,5984
2062,5994,4006,1333,1348,1325,5994
2063,5997,4003,1333,1347,1323,5997
2064,6002,3998,1332,1345,1321,6002
2065,6004,3996,1331,1345,1320,6004
2066,6008,3992,1329,1344,1319,6008
2067,6013,3987,1326,1342,1319,6013
2068,6018,3982,1326,1339,1317,6018
2069,6021,3979,1325,1337,1317,6021
2070,6026,3974,1323,1334,1317,6026
2071,6032,3968,1321,1333,1314,6032
2072,6036,3964,1320,1333,1311,6036
2073,6042,3958,1318,1331,1309,6042
2074,6045,3955,1317,1331,1307,6045
2075,6048,3952,1316,1330,1306,6048
2076,6052,3948,1314,1329,1305,6052
2077,6057,3943,1314,1328,1301,6057
2078,6059,3941,1313,1328,1300,6059
2079,6061,3939,1312,1328,1299,6061
2080,6065,3935,1311,1327,1297,6065
2081,6070,3930,1309,1325,1296,6070
2082,6078,3922,1306,1322,1294,6078
2083,6081,3919,1305,1321,1293,6081
2084,6088,3912,1304,1317,1291,6088
2085,6090,3910,1304,1316,1290,6090
2086,6095,3905,1303,1314,1288,6095
2087,6098,3902,1301,1314,1287,6098
2088,6104,3896,1297,1313,1286,6104
2089,6104,3896,1297,1313,1286,6104
2090,6106,3894,1296,1313,1285,6106
2091,6112,3888,1295,1311,1282,6112
2092,6115,3885,1293,1311,1281,6115
2093,6119,3881,1291,1310,1280,6119
2094,6123,3877,1290,1309,1278,6123
2095,6130,3870,1286,1308,1276,6130
2096,6133,3867,1284,1308,1275,6133
2097,6139,3861,1284,1305,1272,6139
2098,6142,3858,1283,1303,1272,6142
2099,6144,3856,1282,1303,1271,6144
2100,6148,3852,1282,1300,1270,6148
2101,6152,3848,1281,1299,1268,6152
2102,6152,3848,1281,1299,1268,6152
2103,6154,3846,1279,1299,1268,6154
2104,6163,3837,1277,1295,1265,6163
2105,6165,3835,1275,1295,1265,6165
2106,6169,3831,1275,1292,1264,6169
2107,6173,3827,1274,1291,1262,6173
2108,6176,3824,1274,1289,1261,6176
2109,6180,3820,1273,1289,1258,6180
2110,6184,3816,1272,1288,1256,6184
2111,6186,3814,1270,1288,1256,6186
2112,6189,3811,1270,1288,1253,6189
2113,6192,3808,1269,1287,1252,6192
2114,6196,3804,1267,1286,1251,6196
2115,6201,3799,1264,1285,1250,6201
2116,6205,3795,1264,1282,1249,6205
2117,6207,3793,1263,1282,1248,6207
2118,6210,3790,1261,1282,1247,6210
2119,6218,3782,1257,1279,1246,6218
2120,6222,3778,1256,1277,1245,6222
2121,6229,3771,1254,1275,1242,6229
2122,6234,3766,1251,1274,1241,6234
2123,6235,3765,1251,1274,1240,6235
2124,6239,3761,1250,1273,1238,6239
2125,6243,3757,1248,1271,1238,6243
2126,6245,3755,1248,1271,1236,6245
2127,6257,3743,1245,1264,1234,6257
2128,6262,3738,1245,1262,1231,6262
2129,6264,3736,1244,1262,1230,6264
2130,6266,3734,1243,1262,1229,6266
2131,6271,3729,1243,1261,1225,6271
2132,6275,3725,1243,1260,1222,6275
2133,6279,3721,1241,1260,1220,6279
2134,6283,3717,1239,1260,1218,6283
2135,6284,3716,1239,1259,1218,6284
2136,6285,3715,1238,1259,1218,6285
2137,6289,3711,1238,1256,1217,6289
2138,6293,3707,1236,1254,1217,6293
2139,6297,3703,1235,1252,1216,6297
2140,6300,3700,1235,1251,1214,6300
2141,6306,3694,1232,1250,1212,6306
2142,6310,3690,1230,1250,1210,6310
2143,6314,3686,1228,1249,1209,6314
2144,6319,3681,1227,1248,1206,6319
2145,6325,3675,1223,1247,1205,6325
2146,6329,3671,1221,1245,1205,6329
2147,6332,3668,1221,1245,1202,6332
2148,6335,3665,1220,1243,1202,6335
2149,6338,3662,1220,1243,1199,6338
2150,6341,3659,1220,1241,1198,6341
2151,6343,3657,1220,1241,1196,6343
2152,6348,3652,1219,1240,1193,6348
2153,6354,3646,1217,1239,1190,6354
2154,6359,3641,1216,1236,1189,6359
2155,6365,3635,1216,1235,1184,6365
2156,6368,3632,1215,1233,1184,6368
2157,6373,3627,1214,1231,1182,6373
2158,6375,3625,1214,1230,1181,6375
2159,6382,3618,1213,1229,1176,6382
2160,6385,3615,1211,1229,1175,6385
2161,6389,3611,1209,1228,1174,6389
2162,6391,3609,1208,1227,1174,6391
2163,6394,3606,1208,1226,1172,6394
2164,6395,3605,1208,1225,1172,6395
2165,6396,3604,1208,1224,1172,6396
2166,6401,3599,1205,1223,1171,6401
2167,6406,3594,1205,1219,1170,6406
2168,6407,3593,1205,1218,1170,6407
2169,6412,3588,1204,1217,1167,6412
2170,6416,3584,1203,1214,1167,6416
2171,6421,3579,1203,1213,1163,6421
2172,6426,3574,1201,1210,1163,6426
2173,6430,3570,1200,1208,1162,6430
2174,6432,3568,1200,1208,1160,6432
2175,6434,3566,1199,1207,1160,6434
2176,6440,3560,1196,1205,1159,6440
2177,6443,3557,1195,1204,1158,6443
2178,6448,3552,1195,1202,1155,6448
2179,6450,3550,1195,1201,1154,6450
2180,6453,3547,1195,1200,1152,6453
2181,6456,3544,1194,1198,1152,6456
2182,6458,3542,1193,1198,1151,6458
2183,6460,3540,1193,1198,1149,6460
2184,6467,3533,1191,1195,1147,6467
2185,6468,3532,1191,1194,1147,6468
2186,6470,3530,1191,1194,1145,6470
2187,6476,3524,1190,1192,1142,6476
2188,6480,3520,1187,1191,1142,6480
2189,6482,3518,1187,1189,1142,6482
2190,6485,3515,1186,1187,1142,6485
2191,6486,3514,1186,1186,1142,6486
2192,6490,3510,1184,1186,1140,6490
2193,6493,3507,1182,1186,1139,6493
2194,6494,3506,1182,1186,1138,6494
2195,6499,3501,1181,1183,1137,6499
2196,6503,3497,1179,1182,1136,6503
2197,6509,3491,1178,1179,1134,6509
2198,6513,3487,1177,1179,1131,6513
2199,6517,3483,1176,1177,1130,6517
2200,6520,3480,1175,1176,1129,6520
2201,6525,3475,1174,1175,1126,6525
2202,6528,3472,1174,1174,1124,6528
2203,6533,3467,1174,1171,1122,6533
2204,6534,3466,1173,1171,1122,6534
2205,6535,3465,1173,1171,1121,6535
2206,6540,3460,1170,1170,1120,6540
2207,6543,3457,1170,1168,1119,6543
2208,6544,3456,1170,1168,1118,6544
2209,6548,3452,1168,1167,1117,6548
2210,6552,3448,1165,1167,1116,6552
2211,6559,3441,1161,1166,1114,6559
2212,6562,3438,1159,1165,1114,6562
2213,6565,3435,1159,1164,1112,6565
2214,6567,3433,1159,1163,1111,6567
2215,6569,3431,1159,1162,1110,6569
2216,6570,3430,1159,1162,1109,6570
2217,6574,3426,1159,1158,1109,6574
2218,6581,3419,1155,1156,1108,6581
2219,6587,3413,1151,1156,1106,6587
2220,6591,3409,1149,1156,1104,6591
2221,6593,3407,1149,1155,1103,6593
2222,6598,3402,1148,1152,1102,6598
2223,6598,3402,1148,1152,1102,6598
2224,6600,3400,1146,1152,1102,6600
2225,6603,3397,1144,1151,1102,6603
2226,6606,3394,1144,1151,1099,6606
2227,6609,3391,1144,1150,1097,6609
2228,6612,3388,1143,1149,1096,6612
2229,6617,3383,1143,1148,1092,6617
2230,6620,3380,1142,1148,1090,6620
2231,6623,3377,1141,1147,1089,6623
2232,6626,3374,1140,1147,1087,6626
2233,6632,3368,1137,1145,1086,6632
2234,6635,3365,1137,1145,1083,6635
2235,6639,3361,1134,1144,1083,6639
2236,6642,3358,1134,1144,1080,6642
2237,6650,3350,1132,1142,1076,6650
2238,6653,3347,1131,1141,1075,6653
2239,6657,3343,1130,1140,1073,6657
2240,6658,3342,1130,1139,1073,6658
2241,6661,3339,1130,1137,1072,6661
2242,6665,3335,1128,1136,1071,6665
2243,6666,3334,1127,1136,1071,6666
2244,6668,3332,1126,1135,1071,6668
2245,6675,3325,1125,1131,1069,6675
2246,6677,3323,1123,1131,1069,6677
2247,6682,3318,1121,1129,1068,6682
2248,6686,3314,1119,1128,1067,6686
2249,6692,3308,1118,1125,1065,6692
2250,6696,3304,1116,1123,1065,6696
2251,6702,3298,1116,1119,1063,6702
2252,6704,3296,1115,1118,1063,6704
2253,6709,3291,1112,1117,1062,6709
2254,6714,3286,1110,1115,1061,6714
2255,6720,3280,1108,1114,1058,6720
2256,6721,3279,1108,1114,1057,6721
2257,6724,3276,1107,1113,1056,6724
2258,6728,3272,1107,1112,1053,6728
2259,6732,3268,1106,1110,1052,6732
2260,6733,3267,1106,1109,1052,6733
2261,6736,3264,1103,1109,1052,6736
2262,6738,3262,1102,1109,1051,6738
2263,6746,3254,1099,1106,1049,6746
2264,6751,3249,1097,1104,1048,6751
2265,6753,3247,1096,1104,1047,6753
2266,6756,3244,1096,1102,1046,6756
2267,6762,3238,1095,1101,1042,6762
2268,6766,3234,1094,1099,1041,6766
2269,6769,3231,1093,1097,1041,6769
2270,6772,3228,1092,1095,1041,6772
2271,6773,3227,1092,1095,1040,6773
2272,6776,3224,1092,1094,1038,6776
2273,6778,3222,1092,1093,1037,6778
2274,6784,3216,1092,1090,1034,6784
2275,6787,3213,1090,1090,1033,6787
2276,6790,3210,1089,1088,1033,6790
2277,6793,3207,1089,1086,1032,6793
2278,6799,3201,1087,1084,1030,6799
2279,6803,3197,1087,1082,1028,6803
2280,6808,3192,1086,1082,1024,6808
2281,6814,3186,1086,1079,1021,6814
2282,6814,3186,1086,1079,1021,6814
2283,6815,3185,1086,1078,1021,6815
2284,6819,3181,1083,1077,1021,6819
2285,6822,3178,1083,1076,1019,6822
2286,6827,3173,1081,1074,1018,6827
2287,6829,3171,1081,1073,1017,6829
2288,6830,3170,1080,1073,1017,6830
2289,6835,3165,1076,1072,1017,6835
2290,6837,3163,1075,1071,1017,6837
2291,6841,3159,1074,1069,1016,6841
2292,6842,3158,1074,1069,1015,6842
2293,6845,3155,1072,1069,1014,6845
2294,6851,3149,1070,1066,1013,6851
2295,6854,3146,1067,1066,1013,6854
2296,6855,3145,1066,1066,1013,6855
2297,6861,3139,1064,1065,1010,6861
2298,6866,3134,1060,1065,1009,6866
2299,6869,3131,1058,1064,1009,6869
2300,6872,3128,1056,1064,1008,6872
2301,6877,3123,1053,1064,1006,6877
2302,6883,3117,1052,1061,1004,6883
2303,6886,3114,1052,1059,1003,6886
2304,6890,3110,1052,1056,1002,6890
2305,6895,3105,1050,1056,999,6895
2306,6899,3101,1047,1055,999,6899
2307,6900,3100,1047,1054,999,6900
2308,6903,3097,1045,1054,998,6903
2309,6909,3091,1044,1052,995,6909
2310,6914,3086,1043,1050,993,6914
2311,6917,3083,1042,1050,991,6917
2312,6923,3077,1039,1047,991,6923
2313,6924,3076,1039,1046,991,6924
2314,6925,3075,1039,1046,990,6925
2315,6927,3073,1038,1046,989,6927
2316,6930,3070,1037,1044,989,6930
2317,6933,3067,1035,1044,988,6933
2318,6933,3067,1035,1044,988,6933
2319,6936,3064,1034,1043,987,6936
2320,6940,3060,1032,1042,986,6940
2321,6943,3057,1032,1041,984,6943
2322,6949,3051,1031,1039,981,6949
2323,6951,3049,1030,1039,980,6951
2324,6954,3046,1028,1038,980,6954
2325,6958,3042,1028,1038,976,6958
2326,6961,3039,1027,1037,975,6961
2327,6962,3038,1027,1036,975,6962
2328,6966,3034,1025,1036,973,6966
2329,6968,3032,1024,1035,973,6968
2330,6971,3029,1024,1034,971,6971
2331,6974,3026,1023,1033,970,6974
2332,6977,3023,1022,1031,970,6977
2333,6979,3021,1022,1031,968,6979
2334,6983,3017,1021,1030,966,6983
2335,6988,3012,1020,1028,964,6988
2336,6991,3009,1020,1026,963,6991
2337,6993,3007,1019,1025,963,6993
2338,6998,3002,1018,1022,962,6998
2339,7002,2998,1017,1022,959,7002
2340,7005,2995,1016,1021,958,7005
2341,7006,2994,1016,1020,958,7006
2342,7009,2991,1016,1020,955,7009
2343,7015,2985,1015,1019,951,7015
2344,7019,2981,1014,1018,949,7019
2345,7021,2979,1012,1018,949,7021
2346,7025,2975,1011,1017,947,7025
2347,7030,2970,1008,1016,946,7030
2348,7034,2966,1008,1013,945,7034
2349,7041,2959,1006,1012,941,7041
2350,7044,2956,1004,1011,941,7044
2351,7048,2952,1002,1009,941,7048
2352,7052,2948,1001,1009,938,7052
2353,7054,2946,1001,1007,938,7054
2354,7057,2943,1000,1006,937,7057
2355,7069,2931,995,1004,932,7069
2356,7070,2930,994,1004,932,7070
2357,7075,2925,991,1003,931,7075
2358,7078,2922,990,1003,929,7078
2359,7079,2921,990,1002,929,7079
2360,7082,2918,990,1001,927,7082
2361,7085,2915,988,1001,926,7085
2362,7088,2912,988,1000,924,7088
2363,7093,2907,987,997,923,7093
2364,7097,2903,986,995,922,7097
2365,7100,2900,984,995,921,7100
2366,7107,2893,982,994,917,7107
2367,7113,2887,980,992,915,7113
2368,7114,2886,980,992,914,7114
2369,7116,2884,980,991,913,7116
2370,7123,2877,980,986,911,7123
2371,7126,2874,978,985,911,7126
2372,7129,2871,977,984,910,7129
2373,7134,2866,976,982,908,7134
2374,7138,2862,973,981,908,7138
2375,7141,2859,972,980,907,7141
2376,7144,2856,972,977,907,7144
2377,7150,2850,970,974,906,7150
2378,7152,2848,970,973,905,7152
2379,7159,2841,967,970,904,7159
2380,7162,2838,967,968,903,7162
2381,7165,2835,967,966,902,7165
2382,7168,2832,965,966,901,7168
2383,7173,2827,961,966,900,7173
2384,7176,2824,960,965,899,7176
2385,7178,2822,959,964,899,7178
2386,7180,2820,958,964,898,7180
2387,7185,2815,957,961,897,7185
2388,7189,2811,956,960,895,7189
2389,7190,2810,955,960,895,7190
2390,7195,2805,955,956,894,7195
2391,7197,2803,955,954,894,7197
2392,7198,2802,955,954,893,7198
2393,7202,2798,952,954,892,7202
2394,7203,2797,952,953,892,7203
2395,7207,2793,949,953,891,7207
2396,7211,2789,947,952,890,7211
2397,7215,2785,946,950,889,7215
2398,7217,2783,945,950,888,7217
2399,7220,2780,945,947,888,7220
2400,7224,2776,944,945,887,7224
