step,infected_sensitive_status,susceptible_status,infected_resistant_status,recoveries_r_status,recoveries_s_status,carrier_is_status,carrier_ir_status,treatments_treatment,finished_treatment,post_treatment_treatment
0,5,54,1,0,0,0,0,0,0,0
1,5,54,1,0,0,0,0,0,0,0
2,5,54,1,0,0,0,0,0,0,0
3,5,54,1,0,0,0,0,0,0,0
4,5,54,1,0,0,0,0,0,0,0
5,5,54,1,0,0,0,0,1,0,0
6,5,54,1,0,0,0,0,1,0,0
7,5,54,1,0,0,0,0,1,0,0
8,5,54,1,0,0,0,0,1,0,0
9,5,54,1,0,0,0,0,1,0,0
10,5,54,1,0,0,0,0,1,1,1
11,5,54,1,0,0,0,0,2,1,1
12,5,54,1,0,0,0,0,2,1,1
13,5,54,1,0,0,0,0,2,1,1
14,5,54,1,0,0,0,0,2,1,1
15,5,54,1,0,0,0,0,1,2,2
16,5,54,1,0,0,0,0,0,3,3
17,5,54,1,0,0,0,0,0,3,3
18,5,54,1,0,0,0,0,0,3,3
19,5,54,1,0,0,0,0,0,3,3
20,5,54,1,0,0,0,0,0,3,3
21,5,54,1,0,0,0,0,0,3,3
22,5,54,1,0,0,0,0,0,3,3
23,5,54,1,0,0,0,0,0,3,3
24,5,54,1,0,0,0,0,0,3,3
25,5,54,1,0,0,0,0,0,3,3
26,5,54,1,0,0,0,0,0,3,3
27,5,54,1,0,0,0,0,0,3,3
28,5,54,1,0,0,0,0,0,3,3
29,5,54,1,0,0,0,0,0,3,3
30,5,54,1,0,0,0,0,0,3,3
31,5,54,1,0,0,0,0,0,3,3
32,5,54,1,0,0,0,0,1,3,3
33,5,54,1,0,0,0,0,1,3,3
34,5,54,1,0,0,0,0,1,3,3
35,5,54,1,0,0,0,0,1,3,3
36,5,54,1,0,0,0,0,1,3,3
37,5,54,1,0,0,0,0,0,4,4
38,5,54,1,0,0,0,0,0,4,4
39,5,54,1,0,0,0,0,0,4,4
40,5,54,1,0,0,0,0,0,4,4
41,5,54,1,0,0,0,0,0,4,4
42,5,54,1,0,0,0,0,0,4,4
43,5,54,1,0,0,0,0,0,4,4
44,5,54,1,0,0,0,0,0,4,4
45,5,54,1,0,0,0,0,1,4,4
46,5,54,1,0,0,0,0,1,4,4
47,5,54,1,0,0,0,0,1,4,4
48,5,54,1,0,0,0,0,1,4,4
49,5,54,1,0,0,0,0,1,4,4
50,5,54,1,0,0,0,0,0,5,5
51,5,54,1,0,0,0,0,0,5,5
52,5,54,1,0,0,0,0,0,5,5
53,6,53,1,0,0,0,0,0,5,5
54,6,53,1,0,0,0,0,0,5,5
55,6,53,1,0,0,0,0,0,5,5
56,6,53,1,0,0,0,0,0,5,5
57,6,53,1,0,0,0,0,0,5,5
58,5,53,1,0,1,0,0,0,5,5
59,6,52,1,0,1,0,0,0,5,5
60,6,52,1,0,1,0,0,0,5,5
61,6,52,1,0,1,0,0,0,5,5
62,6,52,1,0,1,0,0,0,5,5
63,6,52,1,0,1,0,0,0,5,5
64,6,52,1,0,1,0,0,0,5,5
65,6,52,1,0,1,0,0,0,5,5
66,6,52,1,0,1,0,0,1,5,5
67,6,52,1,0,1,0,0,1,5,5
68,6,52,1,0,1,0,0,1,5,5
69,6,52,1,0,1,0,0,1,5,5
70,6,52,1,0,1,0,0,1,5,5
71,6,52,1,0,1,0,0,0,6,6
72,6,52,1,0,1,0,0,0,6,6
73,6,52,1,0,1,0,0,0,6,6
74,6,52,1,0,1,0,0,0,6,6
75,6,52,1,0,1,0,0,0,6,6
76,6,52,1,0,1,0,0,0,6,6
77,6,52,1,0,1,0,0,1,6,6
78,6,52,1,0,1,0,0,1,6,6
79,6,52,1,0,1,0,0,1,6,6
80,6,52,1,0,1,0,0,1,6,6
81,6,52,1,0,1,0,0,1,6,6
82,6,52,1,0,1,0,0,0,7,7
83,6,52,1,0,1,0,0,0,7,7
84,6,52,1,0,1,0,0,0,7,7
85,6,52,1,0,1,0,0,0,7,7
86,6,52,1,0,1,0,0,0,7,7
87,6,52,1,0,1,0,0,0,7,7
88,6,52,1,0,1,0,0,0,7,7
89,6,52,1,0,1,0,0,0,7,7
90,6,52,1,0,1,0,0,0,7,7
91,6,52,1,0,1,0,0,0,7,7
92,6,52,1,0,1,0,0,0,7,7
93,6,52,1,0,1,0,0,0,7,7
94,6,52,1,0,1,0,0,0,7,7
95,6,52,1,0,1,0,0,0,7,7
96,6,52,1,0,1,0,0,0,7,7
97,6,52,1,0,1,0,0,0,7,7
98,6,52,1,0,1,0,0,0,7,7
99,6,52,1,0,1,0,0,0,7,7
100,6,52,1,0,1,0,0,0,7,7
101,6,52,1,0,1,0,0,0,7,7
102,6,52,1,0,1,0,0,0,7,7
103,6,52,1,0,1,0,0,0,7,7
104,6,52,1,0,1,0,0,0,7,7
105,6,52,1,0,1,0,0,0,7,7
106,6,52,1,0,1,0,0,0,7,7
107,6,52,1,0,1,0,0,0,7,7
108,6,52,1,0,1,0,0,0,7,7
109,6,52,1,0,1,0,0,1,7,7
110,6,52,1,0,1,0,0,1,7,7
111,6,52,1,0,1,0,0,1,7,7
112,6,52,1,0,1,0,0,1,7,7
113,6,52,1,0,1,0,0,1,7,7
114,6,52,1,0,1,0,0,0,8,8
115,6,52,1,0,1,0,0,0,8,8
116,6,52,1,0,1,0,0,0,8,8
117,6,52,1,0,1,0,0,0,8,8
118,6,52,1,0,1,0,0,0,8,8
119,6,52,1,0,1,0,0,0,8,8
120,6,52,1,0,1,0,0,0,8,8
121,6,52,1,0,1,0,0,0,8,8
122,6,52,1,0,1,0,0,0,8,8
123,6,52,1,0,1,0,0,0,8,8
124,6,52,1,0,1,0,0,0,8,8
125,6,52,1,0,1,0,0,0,8,8
126,6,52,1,0,1,0,0,0,8,8
127,6,52,1,0,1,0,0,0,8,8
128,6,52,1,0,1,0,0,0,8,8
129,6,52,1,0,1,0,0,0,8,8
130,6,52,1,0,1,0,0,0,8,8
131,6,52,1,0,1,0,0,0,8,8
132,6,52,1,0,1,0,0,0,8,8
133,6,52,1,0,1,0,0,0,8,8
134,6,52,1,0,1,0,0,0,8,8
135,6,51,2,0,1,0,0,0,8,8
136,6,51,2,0,1,0,0,0,8,8
137,6,51,2,0,1,0,0,0,8,8
138,6,51,2,0,1,0,0,0,8,8
139,6,51,2,0,1,0,0,0,8,8
140,6,51,2,0,1,0,0,0,8,8
141,6,51,2,0,1,0,0,0,8,8
142,6,51,2,0,1,0,0,0,8,8
143,6,51,2,0,1,0,0,0,8,8
144,6,51,2,0,1,0,0,0,8,8
145,6,51,2,0,1,0,0,0,8,8
146,6,51,2,0,1,0,0,0,8,8
147,6,51,2,0,1,0,0,0,8,8
148,6,51,2,0,1,0,0,0,8,8
149,6,51,2,0,1,0,0,0,8,8
150,6,51,2,0,1,0,0,0,8,8
151,6,51,2,0,1,0,0,0,8,8
152,6,51,2,0,1,0,0,0,8,8
153,6,51,2,0,1,0,0,0,8,8
154,6,51,2,0,1,0,0,0,8,8
155,6,51,2,0,1,0,0,0,8,8
156,6,51,2,0,1,0,0,0,8,8
157,6,51,2,0,1,0,0,0,8,8
158,6,51,2,0,1,0,0,0,8,8
159,6,51,2,0,1,0,0,0,8,8
160,6,51,2,0,1,0,0,0,8,8
161,6,51,2,0,1,0,0,0,8,8
162,6,51,2,0,1,0,0,0,8,8
163,6,51,2,0,1,0,0,0,8,8
164,6,51,2,0,1,0,0,0,8,8
165,6,51,2,0,1,0,0,0,8,8
166,6,51,2,0,1,0,0,0,8,8
167,6,51,2,0,1,0,0,0,8,8
168,6,51,2,0,1,0,0,0,8,8
169,6,50,3,0,1,0,0,0,8,8
170,6,50,3,0,1,0,0,0,8,8
171,6,50,3,0,1,0,0,0,8,8
172,6,50,3,0,1,0,0,0,8,8
173,6,50,2,0,1,0,0,0,8,8
174,6,50,2,0,1,0,0,0,8,8
175,6,50,2,0,1,0,0,0,8,8
176,6,50,2,0,1,0,0,0,8,8
177,6,50,2,0,1,0,0,0,8,8
178,6,50,2,0,1,0,0,0,8,8
179,6,50,2,0,1,0,0,0,8,8
180,6,50,2,0,1,0,0,0,8,8
181,6,50,2,0,1,0,0,0,8,8
182,6,50,2,0,1,0,0,0,8,8
183,6,50,2,0,1,0,0,0,8,8
184,6,50,2,0,1,0,0,0,8,8
185,6,50,2,0,1,0,0,0,8,8
186,6,50,2,0,1,0,0,0,8,8
187,6,50,2,0,1,0,0,0,8,8
188,6,50,2,0,1,0,0,0,8,8
189,6,50,2,0,1,0,0,0,8,8
190,6,50,2,0,1,0,0,0,8,8
191,6,50,2,0,1,0,0,0,8,8
192,6,50,2,0,1,0,0,0,8,8
193,6,50,2,0,1,0,0,0,8,8
194,6,50,2,0,1,0,0,0,8,8
195,6,50,2,0,1,0,0,0,8,8
196,6,50,2,0,1,0,0,0,8,8
197,6,50,2,0,1,0,0,0,8,8
198,6,50,2,0,1,0,0,1,8,8
199,6,50,2,0,1,0,0,1,8,8
200,6,50,2,0,1,0,0,1,8,8
201,6,50,2,0,1,0,0,1,8,8
202,6,50,2,0,1,0,0,1,8,8
203,6,50,2,0,1,0,0,0,9,9
204,6,50,2,0,1,0,0,0,9,9
205,6,50,2,0,1,0,0,0,9,9
206,6,50,2,0,1,0,0,0,9,9
207,6,50,2,0,1,0,0,0,9,9
208,7,49,2,0,1,0,0,0,9,9
209,7,49,2,0,1,0,0,0,9,9
210,7,49,2,0,1,0,0,0,9,9
211,7,49,2,0,1,0,0,0,9,9
212,7,49,2,0,1,0,0,0,9,9
213,7,49,2,0,1,0,0,0,9,9
214,7,49,2,0,1,0,0,0,9,9
215,7,49,2,0,1,0,0,0,9,9
216,7,49,2,0,1,0,0,0,9,9
217,7,49,2,0,1,0,0,0,9,9
218,7,49,2,0,1,0,0,0,9,9
219,7,49,2,0,1,0,0,0,9,9
220,7,49,2,0,1,0,0,0,9,9
221,7,49,2,0,1,0,0,0,9,9
222,7,49,2,0,1,0,0,0,9,9
223,7,49,2,0,1,0,0,0,9,9
224,7,49,2,0,1,0,0,0,9,9
225,7,49,2,0,1,0,0,0,9,9
226,7,49,2,0,1,0,0,0,9,9
227,7,49,2,0,1,0,0,0,9,9
228,7,49,2,0,1,0,0,0,9,9
229,7,49,2,0,1,0,0,0,9,9
230,7,49,2,0,1,0,0,0,9,9
231,7,49,2,0,1,0,0,0,9,9
232,7,49,2,0,1,0,0,0,9,9
233,7,49,2,0,1,0,0,0,9,9
234,8,48,2,0,1,0,0,0,9,9
235,8,48,2,0,1,0,0,0,9,9
236,8,48,2,0,1,0,0,0,9,9
237,8,48,2,0,1,0,0,0,9,9
238,8,48,2,0,1,0,0,1,9,9
239,8,48,2,0,1,0,0,1,9,9
240,8,48,2,0,1,0,0,1,9,9
241,8,48,2,0,1,0,0,1,9,9
242,8,48,2,0,1,0,0,1,9,9
243,8,48,2,0,1,0,0,0,10,10
244,8,48,2,0,1,0,0,0,10,10
245,8,48,2,0,1,0,0,1,10,10
246,8,48,2,0,1,0,0,1,10,10
247,8,48,2,0,1,0,0,1,10,10
248,8,48,2,0,1,0,0,1,10,10
249,8,48,2,0,1,0,0,1,10,10
250,8,48,2,0,1,0,0,0,11,11
251,8,48,2,0,1,0,0,0,11,11
252,8,48,2,0,1,0,0,0,11,11
253,8,48,2,0,1,0,0,0,11,11
254,8,48,2,0,1,0,0,0,11,11
255,8,48,2,0,1,0,0,0,11,11
256,8,48,2,0,1,0,0,0,11,11
257,8,48,2,0,1,0,0,0,11,11
258,8,48,2,0,1,0,0,0,11,11
259,8,48,2,0,1,0,0,0,11,11
260,8,48,2,0,1,0,0,0,11,11
261,8,48,2,0,1,0,0,0,11,11
262,8,48,2,0,1,0,0,0,11,11
263,8,48,2,0,1,0,0,0,11,11
264,8,48,2,0,1,0,0,0,11,11
265,8,48,2,0,1,0,0,0,11,11
266,8,48,2,0,1,0,0,0,11,11
267,8,48,2,0,1,0,0,0,11,11
268,8,48,2,0,1,0,0,0,11,11
269,8,48,2,0,1,0,0,0,11,11
270,8,48,2,0,1,0,0,0,11,11
271,8,48,2,0,1,0,0,0,11,11
272,8,48,2,0,1,0,0,0,11,11
273,8,48,2,0,1,0,0,0,11,11
274,8,48,2,0,1,0,0,0,11,11
275,8,48,2,0,1,0,0,0,11,11
276,8,48,2,0,1,0,0,0,11,11
277,8,48,2,0,1,0,0,0,11,11
278,8,48,2,0,1,0,0,0,11,11
279,8,48,2,0,1,0,0,0,11,11
280,8,48,2,0,1,0,0,0,11,11
281,8,48,2,0,1,0,0,0,11,11
282,8,48,2,0,1,0,0,0,11,11
283,8,48,2,0,1,0,0,0,11,11
284,8,48,2,0,1,0,0,0,11,11
285,8,48,2,0,1,0,0,0,11,11
286,8,48,2,0,1,0,0,0,11,11
287,8,48,2,0,1,0,0,0,11,11
288,8,48,2,0,1,0,0,0,11,11
289,8,48,2,0,1,0,0,0,11,11
290,8,48,2,0,1,0,0,0,11,11
291,8,48,2,0,1,0,0,0,11,11
292,8,48,2,0,1,0,0,0,11,11
293,8,48,2,0,1,0,0,0,11,11
294,8,48,2,0,1,0,0,0,11,11
295,8,48,2,0,1,0,0,0,11,11
296,8,48,2,0,1,0,0,0,11,11
297,8,48,2,0,1,0,0,0,11,11
298,8,48,2,0,1,0,0,0,11,11
299,8,48,2,0,1,0,0,0,11,11
300,8,48,2,0,1,0,0,0,11,11
301,8,48,2,0,1,0,0,0,11,11
302,8,48,2,0,1,0,0,0,11,11
303,8,48,2,0,1,0,0,0,11,11
304,8,48,2,0,1,0,0,0,11,11
305,8,48,2,0,0,0,1,0,11,11
306,8,48,2,0,0,0,1,0,11,11
307,8,48,2,0,0,0,1,0,11,11
308,8,48,2,0,0,0,1,0,11,11
309,8,48,2,0,0,0,1,0,11,11
310,8,48,2,0,0,0,1,0,11,11
311,8,48,2,0,0,0,1,0,11,11
312,8,48,2,0,0,0,1,0,11,11
313,8,48,2,0,0,0,1,0,11,11
314,8,48,2,0,0,0,1,0,11,11
315,8,48,2,0,0,0,1,0,11,11
316,8,48,2,0,0,0,1,0,11,11
317,8,48,2,0,0,0,1,0,11,11
318,8,48,2,0,0,0,1,0,11,11
319,8,48,2,0,0,0,1,0,11,11
320,8,48,2,0,0,0,1,0,11,11
321,8,48,2,0,0,0,1,0,11,11
322,8,48,2,0,0,0,1,0,11,11
323,8,48,2,0,0,0,1,0,11,11
324,8,48,2,0,0,0,1,0,11,11
325,8,48,2,0,0,0,1,0,11,11
326,9,47,2,0,0,0,1,0,11,11
327,9,47,2,0,0,0,1,0,11,11
328,9,47,2,0,0,0,1,0,11,11
329,9,47,2,0,0,0,1,0,11,11
330,9,47,2,0,0,0,1,0,11,11
331,9,47,2,0,0,0,1,0,11,11
332,9,46,3,0,0,0,1,0,11,11
333,9,46,3,0,0,0,1,0,11,11
334,9,46,3,0,0,0,1,0,11,11
335,9,46,3,0,0,0,1,0,11,11
336,9,46,3,0,0,0,1,0,11,11
337,9,46,3,0,0,0,1,0,11,11
338,9,46,3,0,0,0,1,0,11,11
339,9,46,3,0,0,0,1,0,11,11
340,9,46,3,0,0,0,1,0,11,11
341,9,46,3,0,0,0,1,0,11,11
342,9,46,3,0,0,0,1,0,11,11
343,9,46,3,0,0,0,1,0,11,11
344,9,46,3,0,0,0,1,0,11,11
345,9,46,3,0,0,0,1,0,11,11
346,9,46,3,0,0,0,1,0,11,11
347,9,46,3,0,0,0,1,0,11,11
348,9,46,3,0,0,0,1,0,11,11
349,9,46,3,0,0,0,1,0,11,11
350,9,46,3,0,0,0,1,0,11,11
351,9,46,3,0,0,0,1,0,11,11
352,9,45,4,0,0,0,1,0,11,11
353,9,45,4,0,0,0,1,0,11,11
354,9,45,4,0,0,0,1,0,11,11
355,9,45,4,0,0,0,1,0,11,11
356,9,45,4,0,0,0,1,0,11,11
357,10,44,4,0,0,0,1,0,11,11
358,10,44,4,0,0,0,1,0,11,11
359,10,44,4,0,0,0,1,0,11,11
360,10,44,4,0,0,0,1,0,11,11
361,10,44,4,0,0,0,1,1,11,11
362,10,44,4,0,0,0,1,1,11,11
363,10,44,4,0,0,0,1,1,11,11
364,10,43,5,0,0,0,1,1,11,11
365,10,43,5,0,0,0,1,1,11,11
366,10,42,6,0,0,0,1,0,12,12
367,10,42,6,0,0,0,1,1,12,12
368,10,42,6,0,0,0,1,1,12,12
369,10,42,6,0,0,0,1,1,12,12
370,10,42,6,0,0,0,1,1,12,12
371,10,42,6,0,0,0,1,1,12,12
372,10,41,7,0,0,0,1,0,13,13
373,10,41,7,0,0,0,1,0,13,13
374,11,40,7,0,0,0,1,0,13,13
375,11,40,7,0,0,0,1,0,13,13
376,11,40,7,0,0,0,1,0,13,13
377,11,40,7,0,0,0,1,0,13,13
378,11,39,8,0,0,0,1,0,13,13
379,11,39,8,0,0,0,1,0,13,13
380,11,39,8,0,0,0,1,0,13,13
381,11,39,7,1,0,0,1,0,13,13
382,11,39,7,1,0,0,1,0,13,13
383,10,39,7,1,1,0,1,1,13,13
384,10,39,7,1,1,0,1,1,13,13
385,10,39,7,1,1,0,1,1,13,13
386,10,39,7,1,1,0,1,2,13,13
387,10,39,7,1,1,0,1,2,13,13
388,10,39,7,1,1,0,1,1,14,14
389,10,39,7,1,1,0,1,2,14,14
390,10,39,7,1,1,0,1,2,14,14
391,10,39,7,1,1,0,1,1,15,15
392,10,39,7,1,1,0,1,1,15,15
393,10,39,7,1,1,0,1,2,15,15
394,10,39,7,1,1,0,1,1,16,16
395,10,39,7,1,1,0,1,1,16,16
396,10,39,7,1,1,0,1,1,16,16
397,10,39,7,1,1,0,1,1,16,16
398,10,39,7,1,1,0,1,0,17,17
399,10,39,7,1,1,0,1,1,17,17
400,10,39,7,1,1,0,1,1,17,17
401,10,39,7,1,1,0,1,2,17,17
402,10,39,7,1,1,0,1,2,17,17
403,10,39,7,1,1,0,1,2,17,17
404,10,39,7,1,1,0,1,1,18,18
405,10,39,7,1,1,0,1,1,18,18
406,10,39,7,1,1,0,1,0,19,19
407,10,39,7,1,1,0,1,0,19,19
408,10,39,7,1,1,0,1,0,19,19
409,10,39,7,1,1,0,1,0,19,19
410,10,39,7,1,1,0,1,0,19,19
411,10,38,8,1,1,0,1,0,19,19
412,10,38,8,1,1,0,1,0,19,19
413,10,38,8,1,1,0,1,0,19,19
414,10,37,9,1,1,0,1,0,19,19
415,10,37,9,1,1,0,1,0,19,19
416,10,37,9,1,1,0,1,0,19,19
417,10,37,9,1,1,0,1,0,19,19
418,10,37,9,1,1,0,1,0,19,19
419,10,37,9,1,1,0,1,0,19,19
420,10,37,9,1,1,0,1,0,19,19
421,10,37,9,1,1,0,1,0,19,19
422,9,37,9,1,2,0,1,0,19,19
423,9,37,9,1,2,0,1,0,19,19
424,9,37,9,1,2,0,1,1,19,19
425,9,37,9,1,2,0,1,1,19,19
426,9,37,9,1,2,0,1,1,19,19
427,9,37,9,1,2,0,1,1,19,19
428,9,37,9,1,2,0,1,1,19,19
429,9,37,9,1,2,0,1,0,20,20
430,9,37,9,1,2,0,1,0,20,20
431,9,37,9,1,2,0,1,1,20,20
432,9,37,9,1,2,0,1,1,20,20
433,9,37,9,1,2,0,1,1,20,20
434,9,37,9,1,2,0,1,1,20,20
435,9,36,10,1,2,0,1,1,20,20
436,9,36,10,1,2,0,1,0,21,21
437,9,36,10,1,2,0,1,0,21,21
438,9,36,10,1,2,0,1,0,21,21
439,9,36,10,1,2,0,1,0,21,21
440,9,36,10,1,2,0,1,0,21,21
441,9,36,10,1,2,0,1,0,21,21
442,9,36,10,1,2,0,1,0,21,21
443,9,36,10,1,2,0,1,0,21,21
444,9,36,9,2,2,0,1,0,21,21
445,9,36,9,2,2,0,1,0,21,21
446,9,36,9,2,2,0,1,0,21,21
447,9,36,9,2,2,0,1,0,21,21
448,9,36,9,2,2,0,1,0,21,21
449,9,36,9,2,2,0,1,0,21,21
450,9,36,9,2,2,0,1,0,21,21
451,9,36,9,2,2,0,1,0,21,21
452,9,36,9,2,2,0,1,0,21,21
453,9,36,9,2,2,0,1,0,21,21
454,9,35,10,2,2,0,1,0,21,21
455,9,35,10,2,2,0,1,0,21,21
456,9,35,10,2,2,0,1,0,21,21
457,9,35,10,2,2,0,1,0,21,21
458,9,35,10,2,2,0,1,0,21,21
459,9,35,10,2,2,0,1,0,21,21
460,9,34,11,2,2,0,1,0,21,21
461,9,34,11,2,2,0,1,0,21,21
462,9,34,11,2,2,0,1,0,21,21
463,9,34,11,2,2,0,1,0,21,21
464,9,34,11,2,2,0,1,0,21,21
465,9,34,11,2,2,0,1,0,21,21
466,9,34,11,2,2,0,1,0,21,21
467,9,34,11,2,2,0,1,0,21,21
468,9,34,11,2,2,0,1,0,21,21
469,9,34,11,2,2,0,1,0,21,21
470,9,34,10,3,2,0,1,0,21,21
471,9,34,10,3,2,0,1,0,21,21
472,9,34,10,3,2,0,1,0,21,21
473,9,34,10,3,2,0,1,0,21,21
474,9,34,10,3,2,0,1,0,21,21
475,9,34,10,3,2,0,1,0,21,21
476,9,34,10,3,2,0,1,0,21,21
477,9,34,10,3,2,0,1,0,21,21
478,9,34,10,3,2,0,1,0,21,21
479,9,34,10,3,2,0,1,0,21,21
480,9,34,10,3,2,0,1,0,21,21
481,9,34,10,3,2,0,1,0,21,21
482,9,34,10,3,2,0,1,0,21,21
483,9,34,10,3,2,0,1,1,21,21
484,9,34,10,3,2,0,1,1,21,21
485,9,34,10,3,2,0,1,1,21,21
486,9,34,10,3,2,0,1,1,21,21
487,9,34,10,3,2,0,1,1,21,21
488,9,34,10,3,2,0,1,0,22,22
489,9,34,10,3,2,0,1,0,22,22
490,9,34,10,3,2,0,1,0,22,22
491,9,34,10,3,2,0,1,0,22,22
492,9,34,10,3,2,0,1,0,22,22
493,9,34,10,3,2,0,1,0,22,22
494,9,34,10,3,2,0,1,0,22,22
495,9,34,10,2,2,0,2,0,22,22
496,9,34,10,2,2,0,2,0,22,22
497,9,34,10,2,2,0,2,0,22,22
498,9,34,10,2,2,0,2,0,22,22
499,9,34,10,2,2,0,2,0,22,22
500,9,34,10,2,2,0,2,0,22,22
501,9,34,10,2,2,0,2,0,22,22
502,9,34,10,2,2,0,2,0,22,22
503,9,34,10,2,2,0,2,0,22,22
504,8,34,10,2,3,0,2,0,22,22
505,8,34,10,2,3,0,2,0,22,22
506,8,34,10,2,3,0,2,0,22,22
507,8,34,10,2,3,0,2,0,22,22
508,8,34,10,2,3,0,2,0,22,22
509,8,34,10,2,3,0,2,0,22,22
510,8,34,10,2,3,0,2,0,22,22
511,8,34,10,2,3,0,2,0,22,22
512,8,34,10,2,3,0,2,0,22,22
513,8,34,10,2,3,0,2,0,22,22
514,8,34,10,2,3,0,2,0,22,22
515,8,34,10,2,3,0,2,0,22,22
516,8,34,10,2,3,0,2,0,22,22
517,8,34,10,2,3,0,2,0,22,22
518,8,34,10,2,3,0,2,0,22,22
519,8,34,10,2,3,0,2,0,22,22
520,8,34,10,2,3,0,2,0,22,22
521,8,33,11,2,3,0,2,0,22,22
522,8,33,11,2,2,0,3,0,22,22
523,8,32,12,2,2,0,3,0,22,22
524,8,32,12,2,2,0,3,0,22,22
525,8,32,12,2,2,0,3,0,22,22
526,8,32,12,2,2,0,3,0,22,22
527,8,32,12,2,2,0,3,0,22,22
528,8,32,12,2,2,0,3,0,22,22
529,8,32,12,2,2,0,3,0,22,22
530,8,32,12,2,2,0,3,0,22,22
531,8,32,12,2,2,0,3,0,22,22
532,8,32,12,2,2,0,3,0,22,22
533,8,32,12,2,2,0,3,0,22,22
534,8,32,12,2,2,0,3,0,22,22
535,8,32,12,2,2,0,3,0,22,22
536,8,32,12,2,2,0,3,0,22,22
537,8,32,12,2,2,0,3,0,22,22
538,8,32,12,2,2,0,3,0,22,22
539,8,32,12,2,2,0,3,0,22,22
540,8,32,12,2,2,0,3,1,22,22
541,8,32,12,2,2,0,3,2,22,22
542,8,32,12,2,2,0,3,2,22,22
543,8,32,12,2,2,0,3,2,22,22
544,8,32,11,2,2,0,3,1,22,22
545,8,32,11,2,2,0,3,1,22,22
546,8,31,12,2,2,0,3,0,23,23
547,8,31,11,2,2,0,3,0,22,22
548,8,31,11,2,2,0,3,0,22,22
549,8,31,11,2,2,0,3,0,22,22
550,8,31,11,2,2,0,3,0,22,22
551,8,31,11,2,2,0,3,0,22,22
552,8,31,11,2,2,0,3,0,22,22
553,8,31,11,2,2,0,3,0,22,22
554,7,31,11,2,3,0,3,0,22,22
555,7,31,11,2,3,0,3,0,22,22
556,7,31,11,2,3,0,3,0,22,22
557,7,31,11,2,3,0,3,0,22,22
558,6,31,11,2,4,0,3,0,22,22
559,6,31,11,2,4,0,3,0,22,22
560,6,31,11,2,4,0,3,0,22,22
561,6,31,11,2,4,0,3,0,22,22
562,6,31,11,2,4,0,3,0,22,22
563,6,31,11,2,4,0,3,0,22,22
564,6,31,11,2,4,0,3,0,22,22
565,6,31,11,2,4,0,3,0,22,22
566,6,31,11,2,4,0,3,0,22,22
567,6,31,11,2,4,0,3,0,22,22
568,6,31,11,2,4,0,3,0,22,22
569,6,31,11,2,4,0,3,0,22,22
570,6,31,11,2,4,0,3,0,22,22
571,6,31,11,2,4,0,3,0,22,22
572,6,31,11,2,4,0,3,0,22,22
573,6,30,12,2,4,0,3,0,22,22
574,6,30,12,2,4,0,3,0,22,22
575,6,30,12,2,4,0,3,0,22,22
576,6,30,12,2,4,0,3,0,22,22
577,6,29,13,2,4,0,3,0,22,22
578,6,29,13,2,4,0,3,0,22,22
579,6,29,13,2,4,0,3,0,22,22
580,6,29,13,2,4,0,3,0,22,22
581,6,29,13,2,4,0,3,0,22,22
582,6,29,13,2,4,0,3,0,22,22
583,6,29,13,2,4,0,3,0,22,22
584,6,29,13,2,4,0,3,0,22,22
585,6,29,13,2,4,0,3,1,22,22
586,6,29,13,2,4,0,3,1,22,22
587,6,29,13,2,4,0,3,1,22,22
588,6,29,13,2,4,0,3,1,22,22
589,6,29,13,2,4,0,3,1,22,22
590,6,29,13,2,4,0,3,0,23,23
591,6,28,14,2,4,0,3,0,23,23
592,6,28,14,2,4,0,3,0,23,23
593,6,28,14,2,4,0,3,0,23,23
594,6,28,14,2,4,0,3,0,23,23
595,6,28,14,2,4,0,3,0,23,23
596,6,28,14,2,4,0,3,1,23,23
597,6,28,14,2,4,0,3,2,23,23
598,6,28,14,2,4,0,3,2,23,23
599,6,28,14,2,4,0,3,2,23,23
600,6,28,14,2,4,0,3,2,23,23
601,6,28,14,2,4,0,3,1,24,24
602,6,28,14,2,4,0,3,0,25,25
603,6,28,14,2,4,0,3,0,25,25
604,6,28,14,2,4,0,3,1,25,25
605,6,28,14,2,4,0,3,1,25,25
606,6,28,14,2,4,0,3,1,25,25
607,6,28,14,2,4,0,3,1,25,25
608,6,28,14,2,4,0,3,1,25,25
609,6,28,14,2,4,0,3,0,26,26
610,6,28,14,2,4,0,3,0,26,26
611,6,28,14,2,4,0,3,0,26,26
612,6,28,14,2,4,0,3,0,26,26
613,6,28,14,2,4,0,3,0,26,26
614,6,28,13,3,4,0,3,0,26,26
615,6,28,13,3,4,0,3,0,26,26
616,6,28,13,3,4,0,3,0,26,26
617,6,28,13,3,3,1,3,0,26,26
618,6,28,13,3,3,1,3,0,26,26
619,6,28,12,4,3,1,3,0,26,26
620,6,28,12,4,3,1,3,0,26,26
621,6,28,13,4,2,1,3,0,26,26
622,6,28,13,4,2,1,3,0,26,26
623,6,28,13,4,2,1,3,0,26,26
624,6,27,14,4,2,1,3,0,26,26
625,6,27,14,4,2,1,3,0,26,26
626,6,27,14,4,2,1,3,0,26,26
627,6,27,14,4,2,1,3,0,26,26
628,6,27,13,5,2,1,3,0,26,26
629,6,27,13,5,2,1,3,0,26,26
630,6,27,13,5,2,1,3,0,26,26
631,6,27,13,5,2,1,3,0,26,26
632,6,26,14,5,2,1,3,1,26,26
633,6,26,14,5,2,1,3,1,26,26
634,6,26,14,5,2,1,3,1,26,26
635,6,25,15,5,2,1,3,1,26,26
636,6,25,15,5,2,1,3,1,26,26
637,6,25,15,5,2,1,3,0,27,27
638,6,25,15,5,2,1,3,0,27,27
639,6,25,15,5,2,1,3,1,27,27
640,6,25,15,5,2,1,3,1,27,27
641,6,25,15,5,2,1,3,1,27,27
642,6,25,15,5,2,1,3,1,27,27
643,6,25,15,5,2,1,3,1,27,27
644,6,25,15,5,2,1,3,0,28,28
645,6,25,15,5,2,1,3,0,28,28
646,6,25,15,5,2,1,3,0,28,28
647,6,25,15,5,2,1,3,0,28,28
648,6,25,15,5,2,1,3,0,28,28
649,6,25,15,5,2,1,3,0,28,28
650,6,24,16,5,2,1,3,0,28,28
651,6,24,16,5,2,1,3,0,28,28
652,6,24,16,5,2,1,3,0,28,28
653,6,24,16,5,2,1,3,0,28,28
654,6,24,16,5,2,1,3,0,28,28
655,6,24,16,5,2,1,3,0,28,28
656,6,24,16,5,2,1,3,0,28,28
657,6,24,16,5,2,1,3,0,28,28
658,6,24,16,5,2,1,3,0,28,28
659,6,24,16,5,2,1,3,0,28,28
660,6,24,16,5,2,1,3,0,28,28
661,6,24,16,5,1,1,4,0,28,28
662,6,24,16,5,1,1,4,0,28,28
663,6,24,16,5,1,1,4,0,28,28
664,6,24,16,5,1,1,4,0,28,28
665,6,24,16,5,1,1,4,0,28,28
666,6,24,16,5,1,1,4,0,28,28
667,6,24,16,5,1,1,4,1,28,28
668,6,24,16,5,1,1,4,1,28,28
669,6,24,16,5,1,1,4,1,28,28
670,6,24,16,5,1,1,4,1,28,28
671,6,24,16,5,1,1,4,1,28,28
672,6,24,16,5,1,1,4,0,29,29
673,6,23,17,5,1,1,4,0,29,29
674,6,23,17,5,1,1,4,0,29,29
675,6,23,17,5,1,1,4,0,29,29
676,6,23,17,4,1,1,5,0,29,29
677,6,23,17,4,1,1,5,0,29,29
678,6,23,17,4,1,1,5,0,29,29
679,6,23,17,4,1,1,5,0,29,29
680,6,23,17,4,1,1,5,0,29,29
681,6,23,17,4,1,1,5,0,29,29
682,6,23,17,4,1,1,5,0,29,29
683,6,23,17,4,1,1,5,1,29,29
684,6,23,16,5,1,1,5,1,29,29
685,6,23,16,5,1,1,5,1,29,29
686,6,23,16,5,1,1,5,1,29,29
687,6,23,16,5,1,1,5,1,29,29
688,6,23,16,5,1,1,5,0,30,30
689,6,23,15,6,1,1,5,0,30,30
690,6,23,15,6,1,1,5,0,30,30
691,6,23,15,6,1,1,5,0,30,30
692,6,23,15,6,1,1,5,0,30,30
693,6,23,14,7,1,1,5,0,30,30
694,5,23,14,7,1,1,5,0,29,29
695,5,23,14,7,1,1,5,0,29,29
696,5,23,14,7,1,1,5,0,29,29
697,5,23,14,7,1,1,5,0,29,29
698,5,23,14,7,1,1,5,0,29,29
699,5,23,14,7,1,1,5,0,29,29
700,5,23,14,7,1,1,5,0,29,29
701,5,22,15,7,1,1,5,0,29,29
702,5,22,15,7,1,1,5,0,29,29
703,5,22,15,7,1,1,5,0,29,29
704,5,22,15,7,1,1,5,0,29,29
705,5,22,15,7,1,1,5,0,29,29
706,5,22,15,7,1,1,5,0,29,29
707,5,22,15,7,1,1,5,0,29,29
708,5,22,15,7,1,1,5,0,29,29
709,5,22,15,7,1,1,5,0,29,29
710,5,22,15,7,1,1,5,0,29,29
711,5,22,15,7,1,1,5,0,29,29
712,4,22,15,7,2,1,5,0,29,29
713,4,22,15,7,2,1,5,0,29,29
714,4,22,15,7,2,1,5,0,29,29
715,4,22,15,7,1,1,6,0,29,29
716,4,22,15,7,1,1,6,0,29,29
717,4,22,15,7,1,1,6,0,29,29
718,4,22,15,7,1,1,6,0,29,29
719,4,22,15,7,1,1,6,0,29,29
720,4,22,15,7,1,1,6,0,29,29
721,4,22,15,7,1,1,6,0,29,29
722,4,22,15,7,1,1,6,0,29,29
723,4,22,15,7,1,1,6,0,29,29
724,4,22,15,7,1,1,6,0,29,29
725,4,22,15,7,1,1,6,0,29,29
726,4,22,15,7,1,1,6,0,29,29
727,4,22,15,7,1,1,6,0,29,29
728,4,22,15,7,1,1,6,0,29,29
729,4,22,15,7,1,1,6,0,29,29
730,4,22,15,7,1,1,6,0,29,29
731,4,22,15,7,1,1,6,0,29,29
732,4,22,15,7,1,1,6,0,29,29
733,4,22,15,7,1,1,6,0,29,29
734,4,22,15,7,1,1,6,0,29,29
735,4,21,16,7,1,1,6,0,29,29
736,4,21,15,8,1,1,6,0,29,29
737,4,21,15,8,1,1,6,0,29,29
738,4,21,15,8,1,1,6,0,29,29
739,4,21,15,8,1,1,6,0,29,29
740,4,21,15,8,1,1,6,0,29,29
741,4,21,15,8,1,1,6,0,29,29
742,4,21,15,8,1,1,6,0,29,29
743,4,20,16,8,1,1,6,0,29,29
744,4,19,17,8,1,1,6,0,29,29
745,4,19,17,8,1,1,6,0,29,29
746,4,18,18,8,1,1,6,0,29,29
747,4,18,18,8,1,1,6,0,29,29
748,4,18,18,8,1,1,6,0,29,29
749,4,18,18,8,1,1,6,0,29,29
750,4,18,18,8,1,1,6,0,29,29
751,4,18,18,8,1,1,6,0,29,29
752,4,18,18,8,1,1,6,0,29,29
753,4,18,18,8,1,1,6,0,29,29
754,4,18,18,8,1,1,6,0,29,29
755,4,18,18,8,1,1,6,0,29,29
756,4,18,18,8,1,1,6,0,29,29
757,4,18,18,8,1,1,6,0,29,29
758,4,18,18,8,1,1,6,0,29,29
759,4,18,18,8,1,1,6,0,29,29
760,4,18,18,8,1,1,6,0,29,29
761,4,18,18,8,1,1,6,0,29,29
762,4,18,18,8,1,1,6,0,29,29
763,4,18,18,8,1,1,6,0,29,29
764,4,18,18,8,1,1,6,0,29,29
765,4,18,18,8,1,1,6,0,29,29
766,4,18,18,8,1,1,6,0,29,29
767,4,17,19,8,1,1,6,0,29,29
768,4,17,19,8,1,1,6,0,29,29
769,4,17,19,8,1,1,6,0,29,29
770,4,17,19,8,1,1,6,0,29,29
771,4,17,20,7,1,1,6,1,29,29
772,4,17,20,7,1,1,6,1,29,29
773,4,17,20,7,1,1,6,1,29,29
774,4,17,20,7,1,1,6,2,29,29
775,4,17,20,7,1,1,6,2,29,29
776,4,17,20,7,1,1,6,1,30,30
777,4,17,20,7,1,1,6,1,30,30
778,4,17,20,7,1,1,6,1,30,30
779,4,17,20,7,1,1,6,0,31,31
780,4,17,20,7,1,1,6,0,31,31
781,4,17,20,7,1,1,6,0,31,31
782,4,17,20,7,1,1,6,0,31,31
783,4,17,20,7,1,1,6,0,31,31
784,4,17,20,7,1,1,6,0,31,31
785,4,17,20,7,1,1,6,0,31,31
786,4,17,20,7,1,1,6,0,31,31
787,4,17,20,7,1,1,6,0,31,31
788,4,17,20,7,1,1,6,0,31,31
789,4,17,20,7,1,1,6,0,31,31
790,4,17,20,7,1,1,6,0,31,31
791,4,17,20,7,1,1,6,0,31,31
792,4,17,20,7,1,1,6,0,31,31
793,4,17,20,7,1,1,6,0,31,31
794,4,17,20,7,1,1,6,1,31,31
795,4,17,20,7,1,1,6,2,31,31
796,4,17,20,7,1,1,6,2,31,31
797,4,16,21,7,1,1,6,2,31,31
798,4,15,22,7,1,1,6,2,31,31
799,4,15,22,7,1,1,6,1,32,32
800,4,15,22,7,1,1,6,0,33,33
801,4,15,22,7,1,1,6,1,33,33
802,4,15,22,7,1,1,6,1,33,33
803,4,15,22,7,1,1,6,1,33,33
804,4,15,22,7,1,1,6,1,33,33
805,4,15,22,7,1,1,6,1,33,33
806,4,15,22,7,1,1,6,0,34,34
807,4,15,22,7,1,1,6,0,34,34
808,4,15,22,7,1,1,6,0,34,34
809,4,15,22,7,1,1,6,1,34,34
810,4,15,22,7,1,1,6,1,34,34
811,4,15,22,7,1,1,6,1,34,34
812,4,14,23,7,1,1,6,1,34,34
813,4,14,23,7,1,1,6,1,34,34
814,4,14,23,7,1,1,6,0,35,35
815,4,14,23,7,1,1,6,0,35,35
816,4,14,23,7,1,1,6,0,35,35
817,4,14,23,7,1,1,6,0,35,35
818,4,14,23,7,1,1,6,0,35,35
819,4,14,23,7,1,1,6,1,35,35
820,4,14,23,7,1,1,6,1,35,35
821,4,14,23,7,1,1,6,1,35,35
822,4,14,23,7,1,1,6,1,35,35
823,4,14,23,7,1,1,6,1,35,35
824,4,14,23,7,1,1,6,0,36,36
825,4,14,23,7,1,1,6,0,36,36
826,4,14,23,7,1,1,6,0,36,36
827,4,14,23,7,1,1,6,0,36,36
828,4,14,23,7,1,1,6,0,36,36
829,4,14,23,7,1,1,6,0,36,36
830,4,14,23,7,1,1,6,0,36,36
831,4,13,24,7,1,1,6,0,36,36
832,4,13,24,7,1,1,6,0,36,36
833,4,13,24,7,1,1,6,0,36,36
834,4,13,24,7,1,1,6,0,36,36
835,4,13,24,7,1,1,6,0,36,36
836,4,13,24,7,1,1,6,0,36,36
837,4,13,24,7,1,1,6,0,36,36
838,4,13,24,7,1,1,6,0,36,36
839,4,13,24,7,1,1,6,0,36,36
840,4,13,24,7,1,1,6,0,36,36
841,4,13,24,7,1,1,6,0,36,36
842,4,13,24,7,1,1,6,0,36,36
843,4,13,24,7,1,1,6,0,36,36
844,4,13,24,7,1,1,6,0,36,36
845,4,13,24,7,1,1,6,0,36,36
846,4,13,24,7,1,1,6,0,36,36
847,4,13,23,8,1,1,6,0,36,36
848,4,13,23,8,1,1,6,0,36,36
849,4,13,23,8,1,1,6,0,36,36
850,4,13,23,8,1,1,6,1,36,36
851,4,13,23,8,1,1,6,1,36,36
852,4,13,23,8,1,1,6,1,36,36
853,4,13,23,8,1,1,6,1,36,36
854,4,13,23,8,1,1,6,1,36,36
855,4,13,23,8,1,1,6,0,37,37
856,4,13,23,8,1,1,6,0,37,37
857,4,13,23,8,1,1,6,0,37,37
858,4,13,23,8,1,1,6,0,37,37
859,4,13,23,8,1,1,6,0,37,37
860,4,12,24,8,1,1,6,0,37,37
861,4,12,24,8,1,1,6,0,37,37
862,4,12,24,8,1,1,6,0,37,37
863,4,12,24,8,1,1,6,0,37,37
864,4,11,25,8,1,1,6,0,37,37
865,4,11,25,8,1,1,6,0,37,37
866,4,11,25,8,1,1,6,0,37,37
867,4,11,25,8,1,1,6,0,37,37
868,4,11,25,8,1,1,6,0,37,37
869,4,11,25,8,1,1,6,0,37,37
870,4,11,25,8,1,1,6,0,37,37
871,4,11,25,8,1,1,6,0,37,37
872,4,11,25,8,1,1,6,0,37,37
873,4,11,25,8,1,1,6,0,37,37
874,4,10,26,8,1,1,6,1,37,37
875,4,9,27,8,1,1,6,1,37,37
876,4,9,27,8,1,1,6,1,37,37
877,4,9,27,8,1,1,6,1,37,37
878,4,9,27,8,1,1,6,1,37,37
879,4,9,27,8,1,1,6,1,38,38
880,4,9,27,8,1,1,6,1,38,38
881,4,9,27,8,1,1,6,2,38,38
882,4,9,27,8,1,1,6,2,38,38
883,4,9,27,8,1,1,6,2,38,38
884,4,9,27,8,1,1,6,1,39,39
885,4,9,27,8,1,1,6,1,39,39
886,4,9,27,8,1,1,6,0,40,40
887,4,9,27,8,1,1,6,0,40,40
888,4,9,27,8,1,1,6,0,40,40
889,4,9,27,8,1,1,6,0,40,40
890,4,9,26,9,1,1,6,0,40,40
891,4,9,26,9,1,1,6,0,40,40
892,4,9,26,9,1,1,6,0,40,40
893,4,9,26,9,1,1,6,0,40,40
894,4,9,26,9,1,1,6,0,40,40
895,4,9,26,9,1,1,6,0,40,40
896,4,9,26,9,1,1,6,0,40,40
897,4,9,26,9,1,1,6,0,40,40
898,4,9,26,9,1,1,6,0,40,40
899,4,9,26,9,1,1,6,0,40,40
900,4,9,26,9,1,1,6,0,40,40
901,4,9,26,9,1,1,6,0,40,40
902,4,9,26,9,1,1,6,0,40,40
903,4,8,27,9,1,1,6,0,40,40
904,4,8,27,9,1,1,6,0,40,40
905,4,8,27,9,1,1,6,0,40,40
906,4,8,27,9,1,1,6,0,40,40
907,4,8,27,9,1,1,6,0,40,40
908,4,8,27,9,1,1,6,0,40,40
909,4,8,27,9,1,1,6,0,40,40
910,4,8,27,9,1,1,6,0,40,40
911,4,8,27,9,1,1,6,1,40,40
912,4,8,27,9,1,1,6,1,40,40
913,4,8,27,9,1,1,6,1,40,40
914,4,8,27,9,1,1,6,1,40,40
915,4,8,27,9,1,1,6,1,40,40
916,4,8,27,9,1,1,6,0,41,41
917,4,8,27,9,1,1,6,0,41,41
918,4,8,27,9,1,1,6,0,41,41
919,4,8,27,9,1,1,6,0,41,41
920,4,8,27,9,1,1,6,0,41,41
921,4,8,27,9,1,1,6,0,41,41
922,4,8,27,9,1,1,6,0,41,41
923,4,8,27,9,1,1,6,0,41,41
924,4,8,27,9,1,1,6,0,41,41
925,4,8,27,9,1,1,6,0,41,41
926,4,8,27,9,1,1,6,0,41,41
927,4,8,27,9,1,1,6,0,41,41
928,4,8,27,9,1,1,6,0,41,41
929,4,8,27,9,1,1,6,0,41,41
930,4,8,27,9,1,1,6,0,41,41
931,4,7,28,9,1,1,6,1,41,41
932,4,7,28,9,1,1,6,1,41,41
933,4,7,28,9,1,1,6,1,41,41
934,4,6,29,9,1,1,6,1,41,41
935,4,6,29,9,1,1,6,1,41,41
936,4,6,29,9,1,1,6,0,42,42
937,4,6,29,9,1,1,6,0,42,42
938,4,6,29,9,1,1,6,0,42,42
939,4,6,29,9,1,1,6,0,42,42
940,4,6,29,9,1,1,6,0,42,42
941,4,6,29,9,1,1,6,0,42,42
942,4,6,29,9,1,1,6,0,42,42
943,4,5,30,9,1,1,6,0,42,42
944,4,5,30,9,1,1,6,0,42,42
945,4,5,30,9,1,1,6,0,42,42
946,4,5,30,9,1,1,6,0,42,42
947,4,5,30,9,1,1,6,0,42,42
948,4,5,30,9,1,1,6,0,42,42
949,4,5,30,9,1,1,6,1,42,42
950,4,5,30,9,1,1,6,1,42,42
951,4,5,30,9,1,1,6,1,42,42
952,4,5,30,9,1,1,6,1,42,42
953,4,5,30,9,1,1,6,1,42,42
954,4,5,30,9,1,1,6,0,43,43
955,4,5,30,9,1,1,6,0,43,43
956,4,5,30,9,1,1,6,0,43,43
957,4,5,30,9,1,1,6,0,43,43
958,4,5,30,9,1,1,6,0,43,43
959,4,5,30,9,1,1,6,0,43,43
960,4,5,30,9,1,1,6,0,43,43
961,4,5,30,9,1,1,6,0,43,43
962,4,5,30,9,1,1,6,0,43,43
963,4,5,30,9,1,1,6,0,43,43
964,4,5,30,9,1,1,6,0,43,43
965,4,5,30,9,1,1,6,0,43,43
966,4,5,30,9,1,1,6,0,43,43
967,4,5,29,10,1,1,6,0,43,43
968,4,5,29,10,1,1,6,0,43,43
969,4,5,29,10,1,1,6,0,43,43
970,4,5,29,10,1,1,6,0,43,43
971,4,5,29,10,1,1,6,0,43,43
972,4,5,29,10,1,1,6,0,43,43
973,4,5,29,10,1,1,6,0,43,43
974,4,5,29,10,1,1,6,0,43,43
975,4,4,30,10,1,1,6,0,43,43
976,4,4,30,10,1,1,6,0,43,43
977,4,4,30,10,1,1,6,0,43,43
978,4,4,29,11,1,1,6,0,43,43
979,4,4,29,11,1,1,6,0,43,43
980,4,4,29,11,1,1,6,0,43,43
981,4,4,29,11,1,1,6,0,43,43
982,4,4,29,11,1,1,6,0,43,43
983,4,4,29,11,1,1,6,0,43,43
984,4,4,29,11,1,1,6,0,43,43
985,4,4,29,11,1,1,6,2,43,43
986,4,4,29,11,1,1,6,2,43,43
987,4,4,29,11,1,1,6,2,43,43
988,4,4,29,11,1,1,6,2,43,43
989,4,4,29,11,1,1,6,2,43,43
990,3,4,29,11,2,1,6,0,45,45
991,3,4,29,11,2,1,6,0,45,45
992,3,4,29,11,2,1,6,0,45,45
993,3,4,29,11,2,1,6,1,45,45
994,3,4,29,11,2,1,6,1,45,45
995,3,4,29,11,2,1,6,1,45,45
996,3,4,29,11,2,1,6,1,45,45
997,3,4,29,11,2,1,6,1,45,45
998,3,4,29,11,2,1,6,0,46,46
999,3,4,29,11,2,1,6,0,46,46
1000,3,4,29,11,2,1,6,0,46,46
1001,3,4,29,11,2,1,6,1,46,46
1002,3,4,29,11,2,1,6,1,46,46
1003,3,4,29,11,2,1,6,1,46,46
1004,3,4,29,11,2,1,6,1,46,46
1005,3,4,29,11,2,1,6,1,46,46
1006,3,4,29,11,2,1,6,0,47,47
1007,3,4,29,11,2,1,6,0,47,47
1008,3,4,29,11,2,1,6,0,47,47
1009,3,4,29,11,2,1,6,0,47,47
1010,3,4,29,11,2,1,6,0,47,47
1011,3,4,29,11,2,1,6,0,47,47
1012,3,4,29,11,2,1,6,0,47,47
1013,3,4,29,11,2,1,6,0,47,47
1014,3,4,29,11,2,1,6,0,47,47
1015,3,4,29,11,2,1,6,0,47,47
1016,3,4,29,11,2,1,6,0,47,47
1017,3,4,29,11,2,1,6,0,47,47
1018,3,4,29,11,2,1,6,0,47,47
1019,3,3,30,11,2,1,6,0,47,47
1020,3,3,30,11,2,1,6,0,47,47
1021,3,3,30,11,2,1,6,0,47,47
1022,3,3,30,11,2,1,6,0,47,47
1023,3,3,30,11,2,1,6,0,47,47
1024,3,3,30,11,2,1,6,0,47,47
1025,3,3,30,11,2,1,6,0,47,47
1026,3,3,30,11,2,1,6,1,47,47
1027,3,3,29,12,2,1,6,1,47,47
1028,3,3,29,12,2,1,6,1,47,47
1029,3,3,28,13,2,1,6,1,47,47
1030,3,3,28,13,2,1,6,1,47,47
1031,3,3,27,14,2,1,6,0,48,48
1032,3,3,27,14,2,1,6,0,48,48
1033,3,3,27,14,2,1,6,0,48,48
1034,3,3,27,14,2,1,6,0,48,48
1035,3,3,27,14,2,1,6,0,48,48
1036,3,3,27,14,2,1,6,0,48,48
1037,3,3,27,14,2,1,6,0,48,48
1038,3,3,27,14,2,1,6,0,48,48
1039,3,3,27,14,2,1,6,0,48,48
1040,3,3,27,14,2,1,6,0,48,48
1041,3,3,27,14,2,1,6,0,48,48
1042,3,3,27,14,2,1,6,0,48,48
1043,3,3,27,14,2,1,6,0,48,48
1044,3,3,27,14,2,1,6,0,48,48
1045,2,3,27,14,3,1,6,0,48,48
1046,2,3,27,14,3,1,6,0,48,48
1047,2,3,27,14,3,1,6,0,48,48
1048,2,3,27,14,3,1,6,0,48,48
1049,2,3,27,14,3,1,6,0,48,48
1050,2,3,26,15,3,1,6,0,48,48
1051,2,3,26,15,3,1,6,0,48,48
1052,2,3,26,15,3,1,6,0,48,48
1053,2,3,26,15,3,1,6,0,48,48
1054,2,3,26,15,3,1,6,0,48,48
1055,2,3,26,15,3,1,6,0,48,48
1056,2,3,26,15,3,1,6,0,48,48
1057,2,3,26,15,3,1,6,0,48,48
1058,2,3,26,15,3,1,6,0,48,48
1059,2,3,26,15,3,1,6,0,48,48
1060,2,3,26,15,3,1,6,0,48,48
1061,2,3,26,15,3,1,6,0,48,48
1062,2,3,26,15,3,1,6,0,48,48
1063,2,3,26,15,3,1,6,0,48,48
1064,2,3,26,14,3,1,7,0,48,48
1065,2,3,26,14,3,1,7,0,48,48
1066,2,3,26,14,3,1,7,0,48,48
1067,2,3,26,14,3,1,7,0,48,48
1068,2,3,26,14,3,1,7,0,48,48
1069,2,3,26,14,3,1,7,0,48,48
1070,2,3,26,14,3,1,7,0,48,48
1071,2,3,26,14,3,1,7,0,48,48
1072,2,3,26,14,3,1,7,0,48,48
1073,2,3,26,14,3,1,7,0,48,48
1074,2,3,26,14,3,1,7,0,48,48
1075,2,3,26,14,3,1,7,0,48,48
1076,2,3,26,14,3,1,7,0,48,48
1077,2,3,26,14,3,1,7,0,48,48
1078,2,3,26,14,3,1,7,0,48,48
1079,2,3,26,14,3,1,7,0,48,48
1080,2,3,26,14,3,1,7,0,48,48
1081,2,3,26,14,3,1,7,0,48,48
1082,2,3,26,14,3,1,7,0,48,48
1083,2,3,26,14,3,1,7,0,48,48
1084,2,3,26,14,3,1,7,0,48,48
1085,2,3,25,15,3,1,7,0,48,48
1086,2,3,25,15,3,1,7,0,48,48
1087,2,3,25,15,3,1,7,0,48,48
1088,2,3,25,15,3,1,7,0,48,48
1089,2,3,25,15,3,1,7,0,48,48
1090,2,3,25,15,3,1,7,0,48,48
1091,2,3,25,15,3,1,7,0,48,48
1092,2,3,25,15,3,1,7,0,48,48
1093,2,3,25,15,3,1,7,0,48,48
1094,2,3,25,15,3,1,7,0,48,48
1095,2,3,25,15,3,1,7,1,48,48
1096,2,3,25,15,3,1,7,1,48,48
1097,2,3,25,15,3,1,7,1,48,48
1098,2,3,25,15,3,1,7,1,48,48
1099,2,3,25,15,3,1,7,1,48,48
1100,2,3,25,15,3,1,7,0,49,49
1101,2,3,25,15,3,1,7,0,49,49
1102,2,3,24,16,3,1,7,0,49,49
1103,2,3,24,16,3,1,7,0,49,49
1104,2,3,24,15,3,1,8,0,49,49
1105,2,3,24,15,3,1,8,0,49,49
1106,2,3,24,15,3,1,8,0,49,49
1107,2,3,24,15,3,1,8,0,49,49
1108,2,3,24,15,3,1,8,0,49,49
1109,2,3,24,15,3,1,8,0,49,49
1110,2,3,24,15,3,1,8,0,49,49
1111,2,3,24,15,3,1,8,0,49,49
1112,2,3,24,15,3,1,8,0,49,49
1113,2,3,24,15,3,1,8,0,49,49
1114,2,3,24,15,3,1,8,0,49,49
1115,2,3,24,15,3,1,8,0,49,49
1116,2,3,24,15,3,1,8,0,49,49
1117,2,3,23,16,3,1,8,0,49,49
1118,2,3,23,16,3,1,8,0,49,49
1119,2,3,23,16,3,1,8,0,49,49
1120,2,3,23,16,3,1,8,0,49,49
1121,2,3,23,16,3,1,8,0,49,49
1122,2,3,23,16,3,1,8,0,49,49
1123,2,3,23,16,3,1,8,0,49,49
1124,2,3,23,16,3,1,8,0,49,49
1125,2,3,23,16,3,1,8,0,49,49
1126,2,3,23,16,3,1,8,0,49,49
1127,2,3,23,16,3,1,8,0,49,49
1128,2,3,23,16,3,1,8,0,49,49
1129,2,3,23,16,3,1,8,1,49,49
1130,2,2,24,16,3,1,8,1,49,49
1131,2,2,23,17,3,1,8,1,49,49
1132,2,2,23,17,3,1,8,1,49,49
1133,2,2,23,17,3,1,8,1,49,49
1134,2,2,23,17,3,1,8,0,50,50
1135,2,2,23,17,3,1,8,0,50,50
1136,2,2,23,17,3,1,8,0,50,50
1137,2,2,22,18,3,1,8,1,50,50
1138,2,2,22,18,3,1,8,1,50,50
1139,2,2,22,18,3,1,8,1,50,50
1140,2,2,22,18,3,1,8,1,50,50
1141,2,2,22,18,3,1,8,1,50,50
1142,2,2,23,17,3,1,8,0,51,51
1143,2,2,23,17,3,1,8,0,51,51
1144,2,2,23,17,3,1,8,0,51,51
1145,2,2,23,17,3,1,8,0,51,51
1146,2,2,23,17,3,1,8,0,51,51
1147,2,2,23,17,3,1,8,0,51,51
1148,2,2,23,17,3,1,8,0,51,51
1149,2,2,23,17,3,1,8,0,51,51
1150,2,2,23,17,3,1,8,0,51,51
1151,2,2,23,17,3,1,8,0,51,51
1152,2,2,23,17,3,1,8,0,51,51
1153,2,2,23,17,3,1,8,0,51,51
1154,2,2,23,17,3,1,8,0,51,51
1155,2,2,23,17,3,1,8,0,51,51
1156,2,2,23,17,3,1,8,0,51,51
1157,2,2,23,17,3,1,8,0,51,51
1158,2,2,22,18,3,1,8,0,51,51
1159,2,2,22,18,3,1,8,0,51,51
1160,2,2,22,18,3,1,8,0,51,51
1161,2,2,22,18,3,1,8,0,51,51
1162,2,2,22,18,3,1,8,0,51,51
1163,2,2,22,18,3,1,8,0,51,51
1164,2,2,22,18,3,1,8,0,51,51
1165,2,2,22,18,3,1,8,0,51,51
1166,2,2,22,18,3,1,8,0,51,51
1167,2,2,22,18,3,1,8,0,51,51
1168,2,2,22,18,3,1,8,0,51,51
1169,2,2,22,18,3,1,8,0,51,51
1170,2,2,22,18,3,1,8,0,51,51
1171,2,2,22,17,3,1,9,0,51,51
1172,2,2,22,17,3,1,9,0,51,51
1173,2,2,22,17,3,1,9,0,51,51
1174,2,2,21,18,3,1,9,0,51,51
1175,2,2,21,18,3,1,9,0,51,51
1176,2,2,21,18,3,1,9,0,51,51
1177,2,2,21,17,3,1,10,0,51,51
1178,2,2,21,17,3,1,10,0,51,51
1179,2,2,21,17,3,1,10,0,51,51
1180,2,2,21,17,3,1,10,0,51,51
1181,2,2,21,17,3,1,10,0,51,51
1182,2,2,21,17,3,1,10,0,51,51
1183,2,2,21,17,3,1,10,0,51,51
1184,2,2,21,17,3,1,10,0,51,51
1185,2,2,21,17,3,1,10,0,51,51
1186,2,2,21,17,3,1,10,0,51,51
1187,2,2,21,17,3,1,10,0,51,51
1188,2,2,21,17,3,1,10,0,51,51
1189,2,2,21,17,3,1,10,0,51,51
1190,2,2,22,16,3,1,10,0,51,51
1191,2,2,22,16,3,1,10,0,51,51
1192,2,2,22,16,3,1,10,0,51,51
1193,2,2,22,16,2,1,11,0,51,51
1194,2,2,22,16,2,1,11,0,51,51
1195,2,2,22,16,2,1,11,0,51,51
1196,2,2,21,17,2,1,11,0,51,51
1197,1,2,20,18,3,1,11,0,51,51
1198,1,2,20,17,3,1,12,0,51,51
1199,1,2,20,17,3,1,12,0,51,51
1200,1,2,20,17,3,1,12,0,51,51
1201,1,2,20,17,3,1,12,0,51,51
1202,1,2,20,17,3,1,12,0,51,51
1203,1,2,20,17,3,1,12,0,51,51
1204,1,2,20,16,3,1,13,0,51,51
1205,1,2,20,16,3,1,13,0,51,51
1206,1,2,20,16,3,1,13,0,51,51
1207,1,2,20,16,3,1,13,0,51,51
1208,1,2,20,16,3,1,13,0,51,51
1209,1,2,20,16,3,1,13,0,51,51
1210,1,2,20,16,3,1,13,0,51,51
1211,1,2,20,16,3,1,13,0,51,51
1212,1,2,20,16,3,1,13,0,51,51
1213,1,2,20,16,3,1,13,0,51,51
1214,1,2,20,16,3,1,13,0,51,51
1215,1,2,20,16,3,1,13,0,51,51
1216,1,2,21,15,3,1,13,0,51,51
1217,1,2,21,15,3,1,13,0,51,51
1218,1,2,21,15,3,1,13,0,51,51
1219,1,2,22,14,3,1,13,0,51,51
1220,1,2,22,14,3,1,13,0,51,51
1221,1,2,22,14,3,1,13,0,51,51
1222,1,2,22,14,3,1,13,0,51,51
1223,1,2,21,14,3,1,13,0,50,50
1224,1,2,21,14,3,1,13,0,50,50
1225,1,2,21,14,3,1,13,0,50,50
1226,1,2,21,14,3,1,13,0,50,50
1227,1,2,21,14,3,1,13,0,50,50
1228,1,2,21,14,3,1,13,0,50,50
1229,1,2,21,14,3,1,13,0,50,50
1230,1,2,21,14,3,1,13,0,50,50
1231,1,2,21,14,3,1,13,0,50,50
1232,1,2,21,14,3,1,13,0,50,50
1233,1,2,21,14,3,1,13,0,50,50
1234,1,2,21,14,3,1,13,0,50,50
1235,1,2,21,14,3,1,13,0,50,50
1236,1,2,21,14,3,1,13,0,50,50
1237,1,2,21,14,3,1,13,0,50,50
1238,1,2,21,14,3,1,13,0,50,50
1239,1,2,21,14,3,1,13,0,50,50
1240,1,2,21,14,3,1,13,0,50,50
1241,1,2,21,14,3,1,13,0,50,50
1242,1,2,21,14,3,1,13,0,50,50
1243,1,2,21,14,3,1,13,0,50,50
1244,1,2,21,14,3,1,13,0,50,50
1245,1,2,21,14,3,1,13,0,50,50
1246,1,2,21,14,3,1,13,0,50,50
1247,1,2,21,14,3,1,13,0,50,50
1248,1,2,21,14,3,1,13,0,50,50
1249,1,2,21,14,3,1,13,0,50,50
1250,1,2,20,15,3,1,13,0,50,50
1251,1,2,20,15,3,1,13,0,50,50
1252,1,2,19,15,3,1,13,0,49,49
1253,1,2,19,15,2,1,14,0,49,49
1254,1,2,19,15,2,1,14,0,49,49
1255,1,2,19,14,2,1,15,0,49,49
1256,1,2,18,15,2,1,15,0,49,49
1257,1,2,18,15,2,1,15,0,49,49
1258,1,2,18,15,2,1,15,0,49,49
1259,1,2,18,15,2,1,15,0,49,49
1260,1,2,18,15,2,1,15,0,49,49
1261,1,2,18,15,2,1,15,0,49,49
1262,1,2,17,16,2,1,15,0,49,49
1263,1,2,17,16,2,1,15,0,49,49
1264,1,2,17,16,2,1,15,0,49,49
1265,1,2,17,16,2,1,15,0,49,49
1266,1,2,17,16,2,1,15,0,49,49
1267,1,2,17,16,2,1,15,0,49,49
1268,1,2,17,16,2,1,15,0,49,49
1269,1,2,17,16,2,1,15,0,49,49
1270,1,2,17,16,2,1,15,0,49,49
1271,1,2,17,16,2,1,15,0,49,49
1272,1,2,17,16,2,1,15,0,49,49
1273,1,2,17,16,2,1,15,0,49,49
1274,1,2,17,16,2,1,15,0,49,49
1275,1,2,17,16,2,1,15,0,49,49
1276,1,2,17,16,2,1,15,0,49,49
1277,1,2,17,16,2,1,15,0,49,49
1278,1,2,17,16,2,1,15,0,49,49
1279,1,2,17,16,2,1,15,0,49,49
1280,1,2,17,16,2,1,15,0,49,49
1281,1,2,17,16,2,1,15,0,49,49
1282,1,2,17,16,2,1,15,0,49,49
1283,1,2,17,16,2,1,15,0,49,49
1284,1,2,17,15,2,1,16,0,49,49
1285,1,2,17,15,2,1,16,0,49,49
1286,1,2,17,15,2,1,16,0,49,49
1287,1,2,17,15,2,1,16,0,49,49
1288,1,2,17,15,2,1,16,0,49,49
1289,1,2,17,15,2,1,16,0,49,49
1290,1,2,17,15,2,1,16,0,49,49
1291,1,2,18,14,2,1,16,0,49,49
1292,1,2,18,14,2,1,16,0,49,49
1293,1,2,18,14,2,1,16,0,49,49
1294,1,2,18,14,2,1,16,0,49,49
1295,1,2,18,14,2,1,16,0,49,49
1296,1,2,18,14,2,1,16,0,49,49
1297,1,2,18,14,2,1,16,0,49,49
1298,1,2,18,14,2,1,16,0,49,49
1299,1,2,18,14,2,1,16,0,49,49
1300,1,2,18,14,2,1,16,0,49,49
1301,1,2,18,14,2,1,16,0,49,49
1302,1,2,18,14,2,1,16,0,49,49
1303,1,2,18,14,2,1,16,0,49,49
1304,1,2,18,14,2,1,16,0,49,49
1305,1,2,17,14,2,1,16,0,48,48
1306,1,2,17,14,2,1,16,0,48,48
1307,1,2,17,14,2,1,16,0,48,48
1308,1,2,17,14,2,1,16,0,48,48
1309,1,2,17,14,2,1,16,0,48,48
1310,1,2,17,14,2,1,16,0,48,48
1311,1,2,17,14,2,1,16,0,48,48
1312,1,2,17,14,2,1,16,0,48,48
1313,1,2,17,14,2,1,16,0,48,48
1314,1,2,17,14,2,1,16,0,48,48
1315,1,2,17,14,2,1,16,0,48,48
1316,1,2,17,14,2,1,16,0,48,48
1317,1,2,17,14,2,1,16,0,48,48
1318,1,2,17,14,2,1,16,0,48,48
1319,1,2,17,14,2,1,16,0,48,48
1320,1,2,17,14,2,1,16,0,48,48
1321,1,2,17,14,2,1,16,0,48,48
1322,1,2,17,14,2,1,16,0,48,48
1323,1,2,17,14,2,1,16,0,48,48
1324,1,2,17,14,2,1,16,0,48,48
1325,1,2,17,14,2,1,16,0,48,48
1326,1,2,17,14,2,1,16,0,48,48
1327,1,2,17,14,2,1,16,0,48,48
1328,1,2,17,14,2,1,16,0,48,48
1329,1,2,17,14,2,1,16,0,48,48
1330,1,2,17,14,2,1,16,0,48,48
1331,1,2,17,14,2,1,16,0,48,48
1332,1,2,17,14,2,1,16,0,48,48
1333,1,2,17,14,2,1,16,0,48,48
1334,1,2,17,14,2,1,16,0,48,48
1335,1,2,17,14,2,1,16,0,48,48
1336,1,2,17,14,2,1,16,0,48,48
1337,1,2,17,14,2,1,16,0,48,48
1338,1,2,17,14,2,1,16,0,48,48
1339,1,1,18,14,2,1,16,0,48,48
1340,1,1,18,14,2,1,16,0,48,48
1341,1,1,18,14,2,1,16,0,48,48
1342,1,1,18,14,1,1,17,0,48,48
1343,1,1,18,14,1,1,17,0,48,48
1344,1,1,18,14,1,1,17,0,48,48
1345,1,1,18,14,1,1,17,0,48,48
1346,1,1,18,14,1,1,17,0,48,48
1347,1,1,17,14,1,1,17,0,47,47
1348,1,1,17,14,1,1,17,0,47,47
1349,1,1,17,14,1,1,17,0,47,47
1350,1,1,17,14,1,1,17,0,47,47
1351,1,1,17,14,1,1,17,0,47,47
1352,1,1,17,14,1,1,17,0,47,47
1353,1,1,16,15,1,1,17,0,47,47
1354,1,1,16,15,1,1,17,0,47,47
1355,1,1,16,15,1,1,17,0,47,47
1356,1,1,15,16,1,1,17,0,47,47
1357,1,1,15,16,1,1,17,0,47,47
1358,1,1,15,16,1,1,17,0,47,47
1359,1,1,14,16,1,1,17,0,46,46
1360,1,1,14,16,1,1,17,0,46,46
1361,1,1,14,16,1,1,17,0,46,46
1362,1,1,14,16,1,1,17,0,46,46
1363,1,1,14,16,1,1,17,0,46,46
1364,1,1,14,16,1,1,17,0,46,46
1365,1,1,14,16,1,1,17,0,46,46
1366,1,1,14,16,1,1,17,0,46,46
1367,1,1,14,16,1,1,17,0,46,46
1368,1,1,14,16,1,1,17,0,46,46
1369,1,1,14,16,1,1,17,0,46,46
1370,1,1,14,16,1,1,17,0,46,46
1371,1,1,14,16,1,1,17,1,46,46
1372,1,1,14,16,1,1,17,1,46,46
1373,1,1,14,16,1,1,17,1,46,46
1374,1,1,14,16,1,1,17,1,46,46
1375,1,1,14,16,1,1,17,1,46,46
1376,1,1,13,17,1,1,17,0,47,47
1377,1,1,13,17,1,1,17,0,47,47
1378,1,1,13,17,1,1,17,0,47,47
1379,1,1,12,18,1,1,17,0,47,47
1380,1,1,12,18,1,1,17,0,47,47
1381,1,1,12,18,1,1,17,0,47,47
1382,1,1,12,18,1,1,17,0,47,47
1383,1,1,12,18,1,1,17,0,47,47
1384,1,1,12,18,1,1,17,0,47,47
1385,1,1,12,18,1,1,17,0,47,47
1386,1,1,12,18,1,1,17,0,47,47
1387,1,1,12,18,1,1,17,0,47,47
1388,1,1,12,17,1,1,18,0,47,47
1389,1,1,12,17,1,1,18,0,47,47
1390,1,1,12,17,1,1,18,0,47,47
1391,1,1,12,17,1,1,18,0,47,47
1392,1,1,12,17,1,1,18,0,47,47
1393,1,1,11,17,1,1,18,0,46,46
1394,1,1,11,17,1,1,18,0,46,46
1395,1,1,11,17,1,1,18,0,46,46
1396,1,1,11,17,1,1,18,0,46,46
1397,1,1,11,17,1,1,18,0,46,46
1398,1,1,11,17,1,1,18,0,46,46
1399,1,1,11,17,1,1,18,0,46,46
1400,1,1,11,17,1,1,18,0,46,46
1401,1,1,11,17,1,1,18,0,46,46
1402,1,1,11,17,1,1,18,0,46,46
1403,1,1,11,17,1,1,18,0,46,46
1404,1,1,11,17,1,1,18,0,46,46
1405,1,1,11,17,1,1,18,0,46,46
1406,1,1,11,17,1,1,18,0,46,46
1407,1,1,11,17,1,1,18,0,46,46
1408,1,1,11,17,1,1,18,0,46,46
1409,1,1,11,17,1,1,18,0,46,46
1410,1,1,11,17,1,1,18,0,46,46
1411,1,1,11,17,1,1,18,0,46,46
1412,1,1,11,17,1,1,18,0,46,46
1413,1,1,11,17,1,1,18,0,46,46
1414,1,1,11,17,1,1,18,0,46,46
1415,1,1,12,16,1,1,18,0,46,46
1416,1,1,12,16,1,1,18,0,46,46
1417,1,1,12,16,1,1,18,0,46,46
1418,1,1,12,16,1,1,18,0,46,46
1419,1,1,12,16,1,1,18,0,46,46
1420,1,1,11,17,1,1,18,0,46,46
1421,1,1,11,17,1,1,18,0,46,46
1422,1,1,11,17,1,1,18,0,46,46
1423,1,1,11,17,1,1,18,0,46,46
1424,1,1,11,16,1,1,19,0,46,46
1425,1,1,11,16,1,1,19,0,46,46
1426,1,1,11,15,1,1,20,0,46,46
1427,1,1,11,15,1,1,20,0,46,46
1428,1,1,11,15,1,1,20,0,46,46
1429,1,1,11,15,1,1,20,0,46,46
1430,1,1,11,15,1,1,20,0,46,46
1431,1,1,11,15,1,1,20,0,46,46
1432,1,1,11,15,1,1,20,0,46,46
1433,1,1,11,15,1,1,20,0,46,46
1434,1,1,11,14,1,1,21,0,46,46
1435,1,1,11,14,1,1,21,0,46,46
1436,1,1,11,14,1,1,21,0,46,46
1437,1,1,11,14,1,1,21,0,46,46
1438,1,1,11,14,1,1,21,0,46,46
1439,1,1,11,14,1,1,21,0,46,46
1440,1,1,11,14,1,1,21,0,46,46
1441,1,1,11,14,1,1,21,0,46,46
1442,1,1,11,14,1,1,21,0,46,46
1443,1,1,11,14,1,1,21,0,46,46
1444,1,1,11,14,1,1,21,0,46,46
1445,1,1,11,14,1,1,21,0,46,46
1446,1,1,11,14,1,1,21,0,46,46
1447,1,1,11,14,1,1,21,0,46,46
1448,1,1,11,14,1,1,21,0,46,46
1449,1,1,11,14,1,1,21,0,46,46
1450,1,1,11,14,1,1,21,0,46,46
1451,1,1,11,14,1,1,21,0,46,46
1452,1,1,11,14,1,1,21,0,46,46
1453,1,1,11,14,1,1,21,0,46,46
1454,1,1,11,14,1,1,21,0,46,46
1455,1,1,11,14,1,1,21,0,46,46
1456,1,1,11,14,1,1,21,0,46,46
1457,1,1,11,14,1,1,21,0,46,46
1458,1,1,11,14,1,1,21,0,46,46
1459,1,1,11,14,1,1,21,0,46,46
1460,1,1,11,14,1,1,21,0,46,46
1461,1,1,11,14,1,1,21,0,46,46
1462,1,1,11,14,1,1,21,0,46,46
1463,1,1,12,13,1,1,21,0,46,46
1464,1,1,12,13,1,1,21,0,46,46
1465,1,1,12,13,1,1,21,0,46,46
1466,1,1,12,13,1,1,21,0,46,46
1467,1,1,12,13,1,1,21,0,46,46
1468,1,1,12,13,1,1,21,0,46,46
1469,1,1,12,13,1,1,21,0,46,46
1470,1,1,12,12,1,1,22,0,46,46
1471,1,1,12,12,1,1,22,0,46,46
1472,1,1,12,12,1,1,22,0,46,46
1473,1,1,12,12,1,1,22,0,46,46
1474,1,1,12,12,1,1,22,0,46,46
1475,0,1,12,12,2,1,22,0,46,46
1476,0,1,12,12,2,1,22,0,46,46
1477,0,1,12,12,2,1,22,0,46,46
1478,0,1,12,12,2,1,22,0,46,46
1479,0,1,12,12,2,1,22,0,46,46
1480,0,1,12,12,2,1,22,0,46,46
1481,0,1,12,12,2,1,22,0,46,46
1482,0,1,12,12,2,1,22,0,46,46
1483,0,1,12,12,2,1,22,0,46,46
1484,0,1,12,12,2,1,22,0,46,46
1485,0,1,12,12,2,1,22,0,46,46
1486,0,1,12,12,2,1,22,0,46,46
1487,0,1,12,12,2,1,22,0,46,46
1488,0,1,12,12,2,1,22,0,46,46
1489,0,1,12,12,2,1,22,0,46,46
1490,0,1,12,12,2,1,22,0,46,46
1491,0,1,12,12,2,1,22,0,46,46
1492,0,1,12,12,2,1,22,0,46,46
1493,0,1,12,12,2,1,22,0,46,46
1494,0,1,12,12,2,1,22,0,46,46
1495,0,1,12,12,2,1,22,0,46,46
1496,0,1,12,12,2,1,22,0,46,46
1497,0,1,12,12,2,1,22,0,46,46
1498,0,0,13,12,2,1,22,0,46,46
1499,0,0,13,12,2,1,22,0,46,46
1500,0,0,13,12,2,1,22,0,46,46
1501,0,0,13,12,2,1,22,0,46,46
1502,0,0,13,12,2,1,22,0,46,46
1503,0,0,13,12,2,1,22,0,46,46
1504,0,0,13,12,2,1,22,0,46,46
1505,0,0,14,11,2,1,22,0,46,46
1506,0,0,14,11,2,1,22,0,46,46
1507,0,0,14,11,2,1,22,0,46,46
1508,0,0,14,11,2,1,22,0,46,46
1509,0,0,14,11,2,1,22,0,46,46
1510,0,0,14,11,2,1,22,0,46,46
1511,0,0,14,11,2,1,22,0,46,46
1512,0,0,14,11,2,1,22,0,46,46
1513,0,0,14,11,2,1,22,0,46,46
1514,0,0,14,11,2,1,22,0,46,46
1515,0,0,14,11,2,1,22,0,46,46
1516,0,0,14,11,2,1,22,0,46,46
1517,0,0,14,11,2,1,22,0,46,46
1518,0,0,14,11,2,1,22,0,46,46
1519,0,0,14,11,2,1,22,0,46,46
1520,0,0,13,12,2,1,22,0,46,46
1521,0,0,13,12,2,1,22,0,46,46
1522,0,0,13,12,2,1,22,0,46,46
1523,0,0,13,12,2,1,22,0,46,46
1524,0,0,13,12,2,1,22,0,46,46
1525,0,0,13,12,2,1,22,0,46,46
1526,0,0,13,12,2,1,22,0,46,46
1527,0,0,13,12,2,1,22,0,46,46
1528,0,0,14,12,1,1,22,0,46,46
1529,0,0,14,12,1,1,22,0,46,46
1530,0,0,14,11,1,1,23,0,46,46
1531,0,0,14,11,1,1,23,0,46,46
1532,0,0,14,11,1,1,23,0,46,46
1533,0,0,15,10,1,1,23,0,46,46
1534,0,0,15,10,1,1,23,0,46,46
1535,0,0,15,10,1,1,23,0,46,46
1536,0,0,15,10,1,1,23,0,46,46
1537,0,0,15,10,1,1,23,0,46,46
1538,0,0,16,9,1,1,23,0,46,46
1539,0,0,16,9,1,1,23,0,46,46
1540,0,0,16,9,1,1,23,0,46,46
1541,0,0,16,9,1,1,23,0,46,46
1542,0,0,16,9,1,1,23,0,46,46
1543,0,0,16,9,1,1,23,0,46,46
1544,0,0,16,9,1,1,23,0,46,46
1545,0,0,16,9,1,1,23,0,46,46
1546,0,0,16,9,1,1,23,0,46,46
1547,0,0,16,9,1,1,23,0,46,46
1548,0,0,16,9,1,1,23,0,46,46
1549,0,0,16,9,1,1,23,0,46,46
1550,0,0,16,9,1,1,23,0,46,46
1551,0,0,16,9,1,1,23,0,46,46
1552,0,0,16,9,1,1,23,0,46,46
1553,0,0,16,9,1,1,23,0,46,46
1554,0,0,16,9,1,1,23,0,46,46
1555,0,0,16,9,1,1,23,1,46,46
1556,0,0,16,9,1,1,23,1,46,46
1557,0,0,16,9,1,1,23,1,46,46
1558,0,0,16,9,1,1,23,1,46,46
1559,0,0,16,9,1,1,23,1,46,46
1560,0,0,16,9,1,1,23,0,47,47
1561,0,0,16,9,1,1,23,0,47,47
1562,0,0,16,9,1,1,23,0,47,47
1563,0,0,16,9,1,1,23,0,47,47
1564,0,0,16,9,1,1,23,0,47,47
1565,0,0,16,9,1,1,23,0,47,47
1566,0,0,16,9,1,1,23,0,47,47
1567,0,0,16,9,1,1,23,0,47,47
1568,0,0,16,9,1,1,23,0,47,47
1569,0,0,16,9,1,1,23,0,47,47
1570,0,0,16,9,1,1,23,1,47,47
1571,0,0,16,9,1,1,23,1,47,47
1572,0,0,16,9,1,1,23,1,47,47
1573,0,0,16,9,1,1,23,1,47,47
1574,0,0,16,9,1,1,23,1,47,47
1575,0,0,16,9,1,1,23,0,48,48
1576,0,0,16,9,1,1,23,0,48,48
1577,0,0,16,9,1,1,23,0,48,48
1578,0,0,16,9,1,1,23,0,48,48
1579,0,0,16,9,1,1,23,0,48,48
1580,0,0,16,9,1,1,23,0,48,48
1581,0,0,16,9,1,1,23,0,48,48
1582,0,0,16,9,1,1,23,0,48,48
1583,0,0,16,9,1,1,23,0,48,48
1584,0,0,16,9,1,1,23,0,48,48
1585,0,0,16,9,1,1,23,0,48,48
1586,0,0,16,9,1,1,23,0,48,48
1587,0,0,16,9,1,1,23,0,48,48
1588,0,0,16,9,1,1,23,0,48,48
1589,0,0,16,9,1,1,23,0,48,48
1590,0,0,16,9,1,1,23,0,48,48
1591,0,0,16,9,1,1,23,0,48,48
1592,0,0,16,9,1,1,23,0,48,48
1593,0,0,16,9,1,1,23,0,48,48
1594,0,0,16,8,1,1,24,0,48,48
1595,0,0,16,8,1,1,24,0,48,48
1596,0,0,16,8,1,1,24,0,48,48
1597,0,0,15,8,1,1,24,0,47,47
1598,0,0,15,8,1,1,24,0,47,47
1599,0,0,16,6,1,1,25,0,47,47
1600,0,0,16,6,1,1,25,0,47,47
1601,0,0,16,6,1,1,25,0,47,47
1602,0,0,16,6,1,1,25,0,47,47
1603,0,0,16,6,1,1,25,0,47,47
1604,0,0,16,6,1,1,25,0,47,47
1605,0,0,16,6,1,1,25,0,47,47
1606,0,0,16,6,1,1,25,0,47,47
1607,0,0,16,6,1,1,25,0,47,47
1608,0,0,16,6,1,1,25,0,47,47
1609,0,0,16,6,1,1,25,0,47,47
1610,0,0,16,6,1,1,25,0,47,47
1611,0,0,16,6,1,1,25,0,47,47
1612,0,0,16,6,1,1,25,0,47,47
1613,0,0,16,6,1,1,25,0,47,47
1614,0,0,15,6,1,1,25,0,46,46
1615,0,0,15,6,1,1,25,0,46,46
1616,0,0,15,6,0,1,26,0,46,46
1617,0,0,15,6,0,1,26,0,46,46
1618,0,0,15,6,0,1,26,0,46,46
1619,0,0,15,6,0,1,26,0,46,46
1620,0,0,15,6,0,1,26,0,46,46
1621,0,0,15,6,0,1,26,0,46,46
1622,0,0,15,6,0,1,26,0,46,46
1623,0,0,15,6,0,1,26,0,46,46
1624,0,0,15,6,0,1,26,0,46,46
1625,0,0,15,6,0,1,26,0,46,46
1626,0,0,15,6,0,1,26,0,46,46
1627,0,0,15,6,0,1,26,0,46,46
1628,0,0,15,6,0,1,26,0,46,46
1629,0,0,15,6,0,1,26,0,46,46
1630,0,0,15,6,0,1,26,0,46,46
1631,0,0,15,6,0,1,26,0,46,46
1632,0,0,15,6,0,1,26,0,46,46
1633,0,0,15,6,0,1,26,0,46,46
1634,0,0,15,6,0,1,26,0,46,46
1635,0,0,15,6,0,1,26,0,46,46
1636,0,0,15,6,0,1,26,0,46,46
1637,0,0,15,6,0,1,26,0,46,46
1638,0,0,15,6,0,1,26,0,46,46
1639,0,0,15,6,0,1,26,0,46,46
1640,0,0,15,6,0,1,26,0,46,46
1641,0,0,15,6,0,1,26,0,46,46
1642,0,0,15,6,0,1,26,0,46,46
1643,0,0,15,6,0,1,26,0,46,46
1644,0,0,15,6,0,1,26,0,46,46
1645,0,0,15,6,0,1,26,0,46,46
1646,0,0,15,6,0,1,26,0,46,46
1647,0,0,15,6,0,1,26,0,46,46
1648,0,0,15,6,0,1,26,0,46,46
1649,0,0,15,6,0,1,26,0,46,46
1650,0,0,15,6,0,1,26,0,46,46
1651,0,0,14,7,0,1,26,0,46,46
1652,0,0,14,7,0,1,26,0,46,46
1653,0,0,14,7,0,1,26,0,46,46
1654,0,0,14,7,0,1,26,0,46,46
1655,0,0,13,8,0,1,26,0,46,46
1656,0,0,13,8,0,1,26,0,46,46
1657,0,0,13,8,0,1,26,0,46,46
1658,0,0,13,8,0,1,26,0,46,46
1659,0,0,13,8,0,1,26,0,46,46
1660,0,0,13,8,0,1,26,0,46,46
1661,0,0,13,8,0,1,26,0,46,46
1662,0,0,13,8,0,1,26,0,46,46
1663,0,0,13,8,0,1,26,0,46,46
1664,0,0,13,8,0,1,26,0,46,46
1665,0,0,13,8,0,1,26,0,46,46
1666,0,0,13,8,0,1,26,0,46,46
1667,0,0,13,8,0,1,26,0,46,46
1668,0,0,13,8,0,1,26,0,46,46
1669,0,0,13,8,0,1,26,0,46,46
1670,0,0,13,8,0,1,26,0,46,46
1671,0,0,13,8,0,1,26,0,46,46
1672,0,0,13,8,0,1,26,0,46,46
1673,0,0,13,8,0,1,26,0,46,46
1674,0,0,13,8,0,1,26,0,46,46
1675,0,0,13,8,0,1,26,0,46,46
1676,0,0,13,8,0,1,26,0,46,46
1677,0,0,13,8,0,1,26,0,46,46
1678,0,0,13,8,0,1,26,0,46,46
1679,0,0,14,7,0,1,26,0,46,46
1680,0,0,14,7,0,1,26,0,46,46
1681,0,0,14,7,0,1,26,0,46,46
1682,0,0,14,7,0,1,26,0,46,46
1683,0,0,14,7,0,1,26,0,46,46
1684,0,0,14,7,0,1,26,0,46,46
1685,0,0,14,7,0,1,26,0,46,46
1686,0,0,14,7,0,1,26,0,46,46
1687,0,0,14,6,0,1,27,0,46,46
1688,0,0,14,6,0,1,27,0,46,46
1689,0,0,14,6,0,1,27,0,46,46
1690,0,0,14,6,0,1,27,0,46,46
1691,0,0,14,6,0,1,27,0,46,46
1692,0,0,14,5,0,1,28,0,46,46
1693,0,0,14,5,0,1,28,0,46,46
1694,0,0,14,5,0,1,28,0,46,46
1695,0,0,14,5,0,1,28,0,46,46
1696,0,0,14,5,0,1,28,0,46,46
1697,0,0,14,5,0,1,28,0,46,46
1698,0,0,14,5,0,1,28,0,46,46
1699,0,0,14,5,0,1,28,0,46,46
1700,0,0,14,5,0,1,28,0,46,46
1701,0,0,14,5,0,1,28,0,46,46
1702,0,0,14,5,0,1,28,0,46,46
1703,0,0,14,5,0,1,28,1,46,46
1704,0,0,14,5,0,1,28,1,46,46
1705,0,0,13,6,0,1,28,1,46,46
1706,0,0,13,6,0,1,28,1,46,46
1707,0,0,13,6,0,1,28,1,46,46
1708,0,0,13,6,0,1,28,0,47,47
1709,0,0,13,6,0,1,28,0,47,47
1710,0,0,13,6,0,1,28,0,47,47
1711,0,0,13,6,0,1,28,0,47,47
1712,0,0,13,6,0,1,28,0,47,47
1713,0,0,13,6,0,1,28,0,47,47
1714,0,0,13,6,0,1,28,0,47,47
1715,0,0,13,6,0,1,28,0,47,47
1716,0,0,13,6,0,1,28,0,47,47
1717,0,0,13,6,0,1,28,0,47,47
1718,0,0,13,6,0,1,28,0,47,47
1719,0,0,13,6,0,1,28,0,47,47
1720,0,0,13,6,0,1,28,0,47,47
1721,0,0,13,6,0,1,28,0,47,47
1722,0,0,13,6,0,1,28,0,47,47
1723,0,0,13,6,0,1,28,0,47,47
1724,0,0,13,6,0,1,28,0,47,47
1725,0,0,13,6,0,1,28,0,47,47
1726,0,0,13,6,0,1,28,0,47,47
1727,0,0,13,6,0,1,28,0,47,47
1728,0,0,13,6,0,1,28,0,47,47
1729,0,0,13,6,0,1,28,0,47,47
1730,0,0,13,6,0,1,28,0,47,47
1731,0,0,13,6,0,1,28,0,47,47
1732,0,0,13,6,0,1,28,0,47,47
1733,0,0,13,6,0,1,28,0,47,47
1734,0,0,13,6,0,1,28,0,47,47
1735,0,0,13,6,0,1,28,0,47,47
1736,0,0,13,6,0,1,28,0,47,47
1737,0,0,13,6,0,1,28,0,47,47
1738,0,0,13,6,0,1,28,0,47,47
1739,0,0,13,6,0,1,28,0,47,47
1740,0,0,12,7,0,1,28,0,47,47
1741,0,0,12,7,0,1,28,0,47,47
1742,0,0,12,7,0,1,28,0,47,47
1743,0,0,12,7,0,1,28,0,47,47
1744,0,0,12,7,0,1,28,0,47,47
1745,0,0,12,7,0,1,28,0,47,47
1746,0,0,12,7,0,1,28,0,47,47
1747,0,0,12,7,0,1,28,0,47,47
1748,0,0,12,7,0,1,28,0,47,47
1749,0,0,12,7,0,1,28,0,47,47
1750,0,0,12,7,0,1,28,0,47,47
1751,0,0,12,7,0,1,28,0,47,47
1752,0,0,12,7,0,1,28,0,47,47
1753,0,0,12,7,0,1,28,0,47,47
1754,0,0,12,7,0,1,28,0,47,47
1755,0,0,12,7,0,1,28,0,47,47
1756,0,0,12,7,0,1,28,0,47,47
1757,0,0,12,7,0,1,28,0,47,47
1758,0,0,12,7,0,1,28,0,47,47
1759,0,0,12,7,0,1,28,0,47,47
1760,0,0,12,7,0,1,28,0,47,47
1761,0,0,12,7,0,1,28,0,47,47
1762,0,0,12,7,0,1,28,0,47,47
1763,0,0,12,7,0,1,28,0,47,47
1764,0,0,12,7,0,1,28,0,47,47
1765,0,0,12,7,0,1,28,0,47,47
1766,0,0,13,6,0,1,28,0,47,47
1767,0,0,13,6,0,1,28,0,47,47
1768,0,0,13,6,0,1,28,0,47,47
1769,0,0,13,6,0,1,28,0,47,47
1770,0,0,13,6,0,1,28,0,47,47
1771,0,0,13,5,0,1,29,0,47,47
1772,0,0,13,5,0,1,29,0,47,47
1773,0,0,13,5,0,1,29,0,47,47
1774,0,0,13,5,0,1,29,0,47,47
1775,0,0,13,5,0,1,29,0,47,47
1776,0,0,13,5,0,1,29,0,47,47
1777,0,0,13,5,0,1,29,0,47,47
1778,0,0,13,5,0,1,29,0,47,47
1779,0,0,13,5,0,1,29,0,47,47
1780,0,0,13,5,0,1,29,0,47,47
1781,0,0,13,5,0,1,29,0,47,47
1782,0,0,13,5,0,1,29,0,47,47
1783,0,0,12,6,0,1,29,0,47,47
1784,0,0,12,6,0,1,29,0,47,47
1785,0,0,12,6,0,1,29,0,47,47
1786,0,0,12,6,0,1,29,0,47,47
1787,0,0,12,6,0,1,29,0,47,47
1788,0,0,12,6,0,1,29,0,47,47
1789,0,0,12,6,0,1,29,0,47,47
1790,0,0,12,6,0,1,29,0,47,47
1791,0,0,11,7,0,1,29,0,47,47
1792,0,0,11,7,0,1,29,0,47,47
1793,0,0,12,6,0,1,29,0,47,47
1794,0,0,12,6,0,1,29,0,47,47
1795,0,0,12,6,0,1,29,0,47,47
1796,0,0,12,6,0,1,29,0,47,47
1797,0,0,12,6,0,1,29,0,47,47
1798,0,0,12,6,0,1,29,0,47,47
1799,0,0,12,6,0,1,29,0,47,47
1800,0,0,12,6,0,1,29,0,47,47
1801,0,0,12,6,0,1,29,0,47,47
1802,0,0,12,6,0,1,29,0,47,47
1803,0,0,12,6,0,1,29,0,47,47
1804,0,0,12,6,0,1,29,0,47,47
1805,0,0,12,6,0,1,29,0,47,47
1806,0,0,12,6,0,1,29,0,47,47
1807,0,0,12,6,0,1,29,0,47,47
1808,0,0,12,6,0,1,29,0,47,47
1809,0,0,12,6,0,1,29,0,47,47
1810,0,0,12,6,0,1,29,0,47,47
1811,0,0,12,6,0,1,29,0,47,47
1812,0,0,12,6,0,1,29,0,47,47
1813,0,0,12,6,0,1,29,0,47,47
1814,0,0,12,6,0,1,29,0,47,47
1815,0,0,12,6,0,1,29,0,47,47
1816,0,0,13,5,0,1,29,0,47,47
1817,0,0,13,5,0,1,29,0,47,47
1818,0,0,13,5,0,1,29,0,47,47
1819,0,0,13,5,0,1,29,0,47,47
1820,0,0,13,5,0,1,29,0,47,47
1821,0,0,13,5,0,1,29,0,47,47
1822,0,0,13,5,0,1,29,0,47,47
1823,0,0,13,5,0,1,29,0,47,47
1824,0,0,13,5,0,1,29,0,47,47
1825,0,0,13,5,0,1,29,0,47,47
1826,0,0,13,5,0,1,29,0,47,47
1827,0,0,13,5,0,1,29,0,47,47
1828,0,0,13,5,0,1,29,0,47,47
1829,0,0,13,5,0,1,29,0,47,47
1830,0,0,13,5,0,1,29,0,47,47
1831,0,0,12,5,0,1,29,0,46,46
1832,0,0,12,5,0,1,29,0,46,46
1833,0,0,12,5,0,1,29,0,46,46
1834,0,0,12,5,0,1,29,0,46,46
1835,0,0,12,5,0,1,29,0,46,46
1836,0,0,12,5,0,1,29,0,46,46
1837,0,0,12,5,0,1,29,0,46,46
1838,0,0,12,5,0,1,29,0,46,46
1839,0,0,12,5,0,1,29,0,46,46
1840,0,0,12,5,0,1,29,0,46,46
1841,0,0,12,5,0,1,29,0,46,46
1842,0,0,12,5,0,1,29,0,46,46
1843,0,0,12,5,0,1,29,0,46,46
1844,0,0,12,5,0,1,29,0,46,46
1845,0,0,12,5,0,1,29,0,46,46
1846,0,0,12,5,0,1,29,0,46,46
1847,0,0,12,5,0,1,29,0,46,46
1848,0,0,12,5,0,1,29,0,46,46
1849,0,0,12,5,0,1,29,0,46,46
1850,0,0,12,5,0,1,29,0,46,46
1851,0,0,12,5,0,1,29,0,46,46
1852,0,0,12,5,0,1,29,0,46,46
1853,0,0,12,5,0,1,29,0,46,46
1854,0,0,12,5,0,1,29,0,46,46
1855,0,0,12,5,0,1,29,0,46,46
1856,0,0,12,5,0,1,29,0,46,46
1857,0,0,12,5,0,1,29,0,46,46
1858,0,0,12,5,0,1,29,0,46,46
1859,0,0,12,5,0,1,29,0,46,46
1860,0,0,12,5,0,1,29,0,46,46
1861,0,0,12,5,0,1,29,0,46,46
1862,0,0,12,5,0,1,29,0,46,46
1863,0,0,12,5,0,1,29,0,46,46
1864,0,0,12,5,0,1,29,0,46,46
1865,0,0,12,5,0,1,29,0,46,46
1866,0,0,12,5,0,1,29,0,46,46
1867,0,0,12,5,0,1,29,0,46,46
1868,0,0,12,5,0,1,29,0,46,46
1869,0,0,12,5,0,1,29,0,46,46
1870,0,0,12,5,0,1,29,0,46,46
1871,0,0,12,5,0,1,29,0,46,46
1872,0,0,12,5,0,1,29,0,46,46
1873,0,0,11,6,0,1,29,0,46,46
1874,0,0,11,6,0,1,29,0,46,46
1875,0,0,11,6,0,1,29,0,46,46
1876,0,0,11,5,0,1,30,0,46,46
1877,0,0,11,5,0,1,30,0,46,46
1878,0,0,11,5,0,1,30,0,46,46
1879,0,0,11,5,0,1,30,0,46,46
1880,0,0,11,5,0,1,30,0,46,46
1881,0,0,11,5,0,1,30,0,46,46
1882,0,0,11,5,0,1,30,0,46,46
1883,0,0,11,5,0,1,30,0,46,46
1884,0,0,11,5,0,1,30,0,46,46
1885,0,0,11,5,0,1,30,0,46,46
1886,0,0,11,5,0,1,30,0,46,46
1887,0,0,11,5,0,1,30,0,46,46
1888,0,0,11,5,0,1,30,0,46,46
1889,0,0,11,5,0,1,30,0,46,46
1890,0,0,11,5,0,1,30,0,46,46
1891,0,0,11,5,0,1,30,0,46,46
1892,0,0,11,5,0,1,30,0,46,46
1893,0,0,11,5,0,1,30,0,46,46
1894,0,0,11,5,0,1,30,0,46,46
1895,0,0,11,5,0,1,30,0,46,46
1896,0,0,12,4,0,1,30,0,46,46
1897,0,0,12,4,0,1,30,0,46,46
1898,0,0,12,4,0,1,30,0,46,46
1899,0,0,12,4,0,1,30,0,46,46
1900,0,0,12,4,0,1,30,0,46,46
1901,0,0,12,4,0,1,30,0,46,46
1902,0,0,12,4,0,1,30,0,46,46
1903,0,0,12,4,0,1,30,0,46,46
1904,0,0,12,4,0,1,30,0,46,46
1905,0,0,12,4,0,1,30,0,46,46
1906,0,0,12,4,0,1,30,0,46,46
1907,0,0,12,4,0,1,30,0,46,46
1908,0,0,12,4,0,1,30,0,46,46
1909,0,0,12,4,0,1,30,0,46,46
1910,0,0,12,4,0,1,30,0,46,46
1911,0,0,12,4,0,1,30,0,46,46
1912,0,0,12,4,0,1,30,0,46,46
1913,0,0,12,4,0,1,30,0,46,46
1914,0,0,12,4,0,1,30,0,46,46
1915,0,0,12,4,0,1,30,0,46,46
1916,0,0,12,4,0,1,30,0,46,46
1917,0,0,12,4,0,1,30,0,46,46
1918,0,0,12,4,0,1,30,0,46,46
1919,0,0,12,4,0,1,30,0,46,46
1920,0,0,12,4,0,1,30,0,46,46
1921,0,0,12,4,0,1,30,0,46,46
1922,0,0,12,4,0,1,30,0,46,46
1923,0,0,12,4,0,1,30,0,46,46
1924,0,0,12,4,0,1,30,0,46,46
1925,0,0,12,4,0,1,30,0,46,46
1926,0,0,12,4,0,1,30,0,46,46
1927,0,0,12,4,0,1,30,0,46,46
1928,0,0,12,4,0,1,30,0,46,46
1929,0,0,12,4,0,1,30,0,46,46
1930,0,0,12,4,0,1,30,0,46,46
1931,0,0,12,4,0,1,30,0,46,46
1932,0,0,12,4,0,1,30,0,46,46
1933,0,0,12,4,0,1,30,0,46,46
1934,0,0,12,4,0,1,30,0,46,46
1935,0,0,12,4,0,1,30,0,46,46
1936,0,0,12,4,0,1,30,0,46,46
1937,0,0,11,5,0,1,30,0,46,46
1938,0,0,11,5,0,1,30,0,46,46
1939,0,0,11,5,0,1,30,0,46,46
1940,0,0,11,5,0,1,30,0,46,46
1941,0,0,11,5,0,1,30,0,46,46
1942,0,0,11,5,0,1,30,0,46,46
1943,0,0,11,5,0,1,30,0,46,46
1944,0,0,11,5,0,1,30,0,46,46
1945,0,0,11,5,0,1,30,0,46,46
1946,0,0,12,4,0,1,30,0,46,46
1947,0,0,12,4,0,1,30,0,46,46
1948,0,0,10,5,0,1,30,0,45,45
1949,0,0,10,5,0,1,30,0,45,45
1950,0,0,10,5,0,1,30,0,45,45
1951,0,0,10,5,0,1,30,0,45,45
1952,0,0,10,5,0,1,30,0,45,45
1953,0,0,10,5,0,1,30,0,45,45
1954,0,0,10,5,0,1,30,0,45,45
1955,0,0,10,5,0,1,30,0,45,45
1956,0,0,10,5,0,1,30,0,45,45
1957,0,0,10,5,0,1,30,0,45,45
1958,0,0,10,5,0,1,30,0,45,45
1959,0,0,10,5,0,1,30,0,45,45
1960,0,0,10,5,0,1,30,0,45,45
1961,0,0,10,5,0,1,30,0,45,45
1962,0,0,10,5,0,1,30,0,45,45
1963,0,0,10,5,0,1,30,0,45,45
1964,0,0,10,5,0,1,30,0,45,45
1965,0,0,10,5,0,1,30,0,45,45
1966,0,0,10,5,0,1,30,0,45,45
1967,0,0,10,5,0,1,30,0,45,45
1968,0,0,10,5,0,1,30,0,45,45
1969,0,0,10,5,0,1,30,0,45,45
1970,0,0,10,5,0,1,30,0,45,45
1971,0,0,10,5,0,1,30,0,45,45
1972,0,0,10,5,0,1,30,0,45,45
1973,0,0,10,5,0,1,30,0,45,45
1974,0,0,10,5,0,1,30,0,45,45
1975,0,0,10,5,0,1,30,0,45,45
1976,0,0,10,5,0,1,30,0,45,45
1977,0,0,10,5,0,1,30,0,45,45
1978,0,0,10,5,0,1,30,0,45,45
1979,0,0,10,5,0,1,30,0,45,45
1980,0,0,10,5,0,1,30,0,45,45
1981,0,0,10,5,0,1,30,0,45,45
1982,0,0,10,5,0,1,30,0,45,45
1983,0,0,10,5,0,1,30,0,45,45
1984,0,0,10,5,0,1,30,0,45,45
1985,0,0,10,5,0,1,30,0,45,45
1986,0,0,10,5,0,1,30,0,45,45
1987,0,0,10,5,0,1,30,0,45,45
1988,0,0,10,5,0,1,30,0,45,45
1989,0,0,10,5,0,1,30,0,45,45
1990,0,0,10,5,0,1,30,0,45,45
1991,0,0,10,5,0,1,30,0,45,45
1992,0,0,10,5,0,1,30,0,45,45
1993,0,0,10,5,0,1,30,0,45,45
1994,0,0,10,5,0,1,30,0,45,45
1995,0,0,10,5,0,1,30,0,45,45
1996,0,0,10,5,0,1,30,0,45,45
1997,0,0,10,5,0,1,30,0,45,45
1998,0,0,10,5,0,1,30,0,45,45
1999,0,0,10,5,0,1,30,0,45,45
2000,0,0,10,5,0,1,30,0,45,45
2001,0,0,10,5,0,1,30,0,45,45
2002,0,0,10,5,0,1,30,0,45,45
2003,0,0,10,5,0,1,30,0,45,45
2004,0,0,10,5,0,1,30,0,45,45
2005,0,0,10,5,0,1,30,0,45,45
2006,0,0,10,5,0,1,30,0,45,45
2007,0,0,10,5,0,1,30,0,45,45
2008,0,0,10,5,0,1,30,0,45,45
2009,0,0,10,5,0,1,30,0,45,45
2010,0,0,10,5,0,1,30,0,45,45
2011,0,0,11,4,0,1,30,0,45,45
2012,0,0,11,4,0,1,30,0,45,45
2013,0,0,11,4,0,1,30,0,45,45
2014,0,0,11,3,0,1,31,0,45,45
2015,0,0,11,3,0,1,31,0,45,45
2016,0,0,11,3,0,1,31,0,45,45
2017,0,0,11,3,0,1,31,0,45,45
2018,0,0,11,3,0,1,31,0,45,45
2019,0,0,11,3,0,1,31,0,45,45
2020,0,0,11,3,0,1,31,0,45,45
2021,0,0,11,3,0,1,31,0,45,45
2022,0,0,11,3,0,1,31,0,45,45
2023,0,0,11,3,0,1,31,0,45,45
2024,0,0,11,3,0,1,31,0,45,45
2025,0,0,11,3,0,1,31,0,45,45
2026,0,0,11,3,0,1,31,0,45,45
2027,0,0,11,3,0,1,31,0,45,45
2028,0,0,11,3,0,1,31,0,45,45
2029,0,0,11,3,0,1,31,0,45,45
2030,0,0,11,3,0,1,31,0,45,45
2031,0,0,11,3,0,1,31,0,45,45
2032,0,0,11,3,0,1,31,0,45,45
2033,0,0,11,3,0,1,31,0,45,45
2034,0,0,11,3,0,1,31,0,45,45
2035,0,0,11,3,0,1,31,0,45,45
2036,0,0,11,3,0,1,31,0,45,45
2037,0,0,11,3,0,1,31,0,45,45
2038,0,0,11,3,0,1,31,0,45,45
2039,0,0,11,3,0,1,31,0,45,45
2040,0,0,11,3,0,1,31,0,45,45
2041,0,0,11,3,0,1,31,0,45,45
2042,0,0,11,3,0,1,31,0,45,45
2043,0,0,11,3,0,1,31,0,45,45
2044,0,0,11,3,0,1,31,0,45,45
2045,0,0,11,3,0,1,31,0,45,45
2046,0,0,11,3,0,1,31,0,45,45
2047,0,0,11,3,0,1,31,0,45,45
2048,0,0,11,3,0,1,31,0,45,45
2049,0,0,11,3,0,1,31,0,45,45
2050,0,0,11,3,0,1,31,0,45,45
2051,0,0,11,3,0,1,31,0,45,45
2052,0,0,11,3,0,1,31,0,45,45
2053,0,0,11,3,0,1,31,0,45,45
2054,0,0,11,3,0,1,31,0,45,45
2055,0,0,11,3,0,1,31,0,45,45
2056,0,0,11,3,0,1,31,0,45,45
2057,0,0,11,3,0,1,31,0,45,45
2058,0,0,11,3,0,1,31,0,45,45
2059,0,0,11,3,0,1,31,0,45,45
2060,0,0,11,3,0,1,31,0,45,45
2061,0,0,11,3,0,1,31,0,45,45
2062,0,0,11,3,0,1,31,0,45,45
2063,0,0,11,3,0,1,31,0,45,45
2064,0,0,10,3,0,1,31,0,44,44
2065,0,0,10,3,0,1,31,0,44,44
2066,0,0,10,3,0,1,31,0,44,44
2067,0,0,10,3,0,1,31,0,44,44
2068,0,0,10,3,0,1,31,0,44,44
2069,0,0,10,3,0,1,31,0,44,44
2070,0,0,10,3,0,1,31,0,44,44
2071,0,0,10,3,0,1,31,0,44,44
2072,0,0,10,3,0,1,31,0,44,44
2073,0,0,9,4,0,1,31,0,44,44
2074,0,0,9,4,0,1,31,0,44,44
2075,0,0,9,4,0,1,31,0,44,44
2076,0,0,9,4,0,1,31,0,44,44
2077,0,0,9,4,0,1,31,0,44,44
2078,0,0,9,4,0,1,31,0,44,44
2079,0,0,9,4,0,1,31,0,44,44
2080,0,0,9,4,0,1,31,0,44,44
2081,0,0,9,4,0,1,31,0,44,44
2082,0,0,9,4,0,1,31,0,44,44
2083,0,0,9,4,0,1,31,0,44,44
2084,0,0,9,4,0,1,31,0,44,44
2085,0,0,9,4,0,1,31,0,44,44
2086,0,0,9,4,0,1,31,0,44,44
2087,0,0,9,4,0,1,31,0,44,44
2088,0,0,9,4,0,1,31,0,44,44
2089,0,0,9,4,0,1,31,0,44,44
2090,0,0,9,4,0,1,31,0,44,44
2091,0,0,9,4,0,1,31,0,44,44
2092,0,0,9,4,0,1,31,0,44,44
2093,0,0,9,4,0,1,31,0,44,44
2094,0,0,9,4,0,1,31,0,44,44
2095,0,0,9,4,0,1,31,0,44,44
2096,0,0,9,4,0,1,31,0,44,44
2097,0,0,9,4,0,1,31,0,44,44
2098,0,0,9,4,0,1,31,0,44,44
2099,0,0,9,4,0,1,31,0,44,44
2100,0,0,9,4,0,1,31,0,44,44
2101,0,0,9,4,0,1,31,0,44,44
2102,0,0,9,4,0,1,31,0,44,44
2103,0,0,9,4,0,1,31,0,44,44
2104,0,0,9,4,0,1,31,0,44,44
2105,0,0,9,4,0,1,31,0,44,44
2106,0,0,9,4,0,1,31,0,44,44
2107,0,0,9,4,0,1,31,0,44,44
2108,0,0,9,4,0,1,31,0,44,44
2109,0,0,9,4,0,1,31,0,44,44
2110,0,0,9,4,0,1,31,0,44,44
2111,0,0,9,4,0,1,31,0,44,44
2112,0,0,9,4,0,1,31,0,44,44
2113,0,0,9,4,0,1,31,0,44,44
2114,0,0,9,4,0,1,31,0,44,44
2115,0,0,9,4,0,1,31,0,44,44
2116,0,0,9,4,0,1,31,0,44,44
2117,0,0,9,4,0,1,31,0,44,44
2118,0,0,9,4,0,1,31,0,44,44
2119,0,0,9,4,0,1,31,0,44,44
2120,0,0,9,4,0,1,31,0,44,44
2121,0,0,9,4,0,1,31,0,44,44
2122,0,0,9,4,0,1,31,0,44,44
2123,0,0,9,4,0,1,31,0,44,44
2124,0,0,9,4,0,1,31,0,44,44
2125,0,0,9,4,0,1,31,0,44,44
2126,0,0,9,4,0,1,31,0,44,44
2127,0,0,9,4,0,1,31,0,44,44
2128,0,0,9,4,0,1,31,0,44,44
2129,0,0,9,4,0,1,31,0,44,44
2130,0,0,9,4,0,1,31,0,44,44
2131,0,0,9,4,0,1,31,0,44,44
2132,0,0,9,4,0,1,31,0,44,44
2133,0,0,9,4,0,1,31,0,44,44
2134,0,0,9,4,0,1,31,0,44,44
2135,0,0,9,4,0,1,31,0,44,44
2136,0,0,9,4,0,1,31,0,44,44
2137,0,0,9,4,0,1,31,0,44,44
2138,0,0,9,4,0,1,31,0,44,44
2139,0,0,9,4,0,1,31,0,44,44
2140,0,0,9,4,0,1,31,0,44,44
2141,0,0,9,4,0,1,31,0,44,44
2142,0,0,9,4,0,1,31,0,44,44
2143,0,0,9,4,0,1,31,0,44,44
2144,0,0,9,4,0,1,31,0,44,44
2145,0,0,9,4,0,1,31,0,44,44
2146,0,0,9,4,0,1,31,0,44,44
2147,0,0,9,4,0,1,31,0,44,44
2148,0,0,9,4,0,1,31,0,44,44
2149,0,0,9,4,0,1,31,0,44,44
2150,0,0,9,4,0,1,31,0,44,44
2151,0,0,9,4,0,1,31,0,44,44
2152,0,0,8,4,0,1,31,0,43,43
2153,0,0,9,3,0,1,31,0,43,43
2154,0,0,9,3,0,1,31,0,43,43
2155,0,0,9,3,0,1,31,0,43,43
2156,0,0,9,3,0,1,31,0,43,43
2157,0,0,9,3,0,1,31,0,43,43
2158,0,0,9,3,0,1,31,0,43,43
2159,0,0,9,3,0,1,31,0,43,43
2160,0,0,9,3,0,1,31,0,43,43
2161,0,0,9,3,0,1,31,0,43,43
2162,0,0,9,3,0,1,31,0,43,43
2163,0,0,9,3,0,1,31,0,43,43
2164,0,0,8,3,0,1,31,0,42,42
2165,0,0,8,3,0,1,31,0,42,42
2166,0,0,8,3,0,1,31,0,42,42
2167,0,0,8,3,0,1,31,0,42,42
2168,0,0,8,3,0,1,31,0,42,42
2169,0,0,8,3,0,1,31,0,42,42
2170,0,0,8,3,0,1,31,0,42,42
2171,0,0,8,3,0,1,31,0,42,42
2172,0,0,8,3,0,1,31,0,42,42
2173,0,0,8,3,0,1,31,0,42,42
2174,0,0,8,3,0,1,31,0,42,42
2175,0,0,8,3,0,1,31,0,42,42
2176,0,0,8,3,0,1,31,0,42,42
2177,0,0,8,3,0,1,31,0,42,42
2178,0,0,9,2,0,1,31,0,42,42
2179,0,0,9,2,0,1,31,0,42,42
2180,0,0,9,2,0,1,31,0,42,42
2181,0,0,9,2,0,1,31,0,42,42
2182,0,0,9,2,0,1,31,0,42,42
2183,0,0,9,2,0,1,31,0,42,42
2184,0,0,9,2,0,1,31,0,42,42
2185,0,0,9,2,0,1,31,0,42,42
2186,0,0,9,2,0,1,31,0,42,42
2187,0,0,9,2,0,1,31,0,42,42
2188,0,0,9,2,0,1,31,0,42,42
2189,0,0,9,2,0,1,31,0,42,42
2190,0,0,9,2,0,1,31,0,42,42
2191,0,0,9,2,0,1,31,0,42,42
2192,0,0,9,2,0,1,31,0,42,42
2193,0,0,9,2,0,1,31,0,42,42
2194,0,0,9,2,0,1,31,0,42,42
2195,0,0,9,2,0,1,31,0,42,42
2196,0,0,9,2,0,1,31,0,42,42
2197,0,0,9,2,0,1,31,0,42,42
2198,0,0,9,2,0,1,31,0,42,42
2199,0,0,9,2,0,1,31,0,42,42
2200,0,0,9,2,0,1,31,0,42,42
2201,0,0,9,2,0,1,31,0,42,42
2202,0,0,9,2,0,1,31,0,42,42
2203,0,0,9,2,0,1,31,0,42,42
2204,0,0,9,2,0,1,31,0,42,42
2205,0,0,9,2,0,1,31,0,42,42
2206,0,0,9,2,0,1,31,0,42,42
2207,0,0,9,2,0,1,31,0,42,42
2208,0,0,9,2,0,1,31,0,42,42
2209,0,0,9,2,0,1,31,0,42,42
2210,0,0,9,2,0,1,31,0,42,42
2211,0,0,9,2,0,1,31,0,42,42
2212,0,0,9,2,0,1,31,0,42,42
2213,0,0,9,2,0,1,31,0,42,42
2214,0,0,9,2,0,1,31,0,42,42
2215,0,0,9,2,0,1,31,0,42,42
2216,0,0,9,2,0,1,31,0,42,42
2217,0,0,9,2,0,1,31,0,42,42
2218,0,0,9,2,0,1,31,0,42,42
2219,0,0,9,2,0,1,31,0,42,42
2220,0,0,9,2,0,1,31,0,42,42
2221,0,0,9,2,0,1,31,0,42,42
2222,0,0,9,2,0,1,31,0,42,42
2223,0,0,9,2,0,1,31,0,42,42
2224,0,0,9,2,0,1,31,0,42,42
2225,0,0,9,2,0,1,31,0,42,42
2226,0,0,9,2,0,1,31,0,42,42
2227,0,0,9,2,0,1,31,0,42,42
2228,0,0,9,2,0,1,31,0,42,42
2229,0,0,9,2,0,1,31,0,42,42
2230,0,0,9,2,0,1,31,0,42,42
2231,0,0,9,2,0,1,31,0,42,42
2232,0,0,9,2,0,1,31,0,42,42
2233,0,0,9,2,0,1,31,0,42,42
2234,0,0,9,2,0,1,31,0,42,42
2235,0,0,9,2,0,1,31,0,42,42
2236,0,0,9,2,0,1,31,0,42,42
2237,0,0,9,2,0,1,31,0,42,42
2238,0,0,9,2,0,1,31,0,42,42
2239,0,0,9,2,0,1,31,0,42,42
2240,0,0,9,2,0,1,31,0,42,42
2241,0,0,9,2,0,1,31,1,42,42
2242,0,0,9,2,0,1,31,1,42,42
2243,0,0,9,2,0,1,31,1,42,42
2244,0,0,9,2,0,1,31,1,42,42
2245,0,0,9,2,0,1,31,1,42,42
2246,0,0,9,2,0,1,31,0,43,43
2247,0,0,9,2,0,1,31,0,43,43
2248,0,0,9,2,0,1,31,0,43,43
2249,0,0,9,2,0,1,31,0,43,43
2250,0,0,9,2,0,1,31,0,43,43
2251,0,0,9,2,0,1,31,0,43,43
2252,0,0,9,2,0,1,31,0,43,43
2253,0,0,9,2,0,1,31,0,43,43
2254,0,0,9,2,0,1,31,0,43,43
2255,0,0,9,2,0,1,31,0,43,43
2256,0,0,9,2,0,1,31,0,43,43
2257,0,0,9,2,0,1,31,0,43,43
2258,0,0,9,2,0,1,31,0,43,43
2259,0,0,9,2,0,1,31,0,43,43
2260,0,0,9,2,0,1,31,0,43,43
2261,0,0,9,2,0,1,31,0,43,43
2262,0,0,9,2,0,1,31,0,43,43
2263,0,0,9,2,0,1,31,0,43,43
2264,0,0,9,2,0,1,31,0,43,43
2265,0,0,9,2,0,1,31,0,43,43
2266,0,0,9,2,0,1,31,0,43,43
2267,0,0,9,2,0,1,31,0,43,43
2268,0,0,9,2,0,1,31,0,43,43
2269,0,0,9,2,0,1,31,0,43,43
2270,0,0,9,2,0,1,31,0,43,43
2271,0,0,9,2,0,1,31,0,43,43
2272,0,0,9,2,0,1,31,0,43,43
2273,0,0,9,2,0,1,31,0,43,43
2274,0,0,9,2,0,1,31,0,43,43
2275,0,0,9,2,0,1,31,0,43,43
2276,0,0,9,2,0,1,31,0,43,43
2277,0,0,9,2,0,1,31,0,43,43
2278,0,0,9,2,0,1,31,0,43,43
2279,0,0,9,2,0,1,31,0,43,43
2280,0,0,9,2,0,1,31,0,43,43
2281,0,0,9,2,0,1,31,0,43,43
2282,0,0,9,2,0,1,31,0,43,43
2283,0,0,9,2,0,1,31,0,43,43
2284,0,0,9,2,0,1,31,0,43,43
2285,0,0,9,2,0,1,31,0,43,43
2286,0,0,9,2,0,1,31,0,43,43
2287,0,0,9,2,0,1,31,0,43,43
2288,0,0,9,2,0,1,31,0,43,43
2289,0,0,9,2,0,1,31,0,43,43
2290,0,0,9,2,0,1,31,0,43,43
2291,0,0,9,2,0,1,31,0,43,43
2292,0,0,9,2,0,1,31,0,43,43
2293,0,0,9,2,0,1,31,0,43,43
2294,0,0,9,2,0,1,31,0,43,43
2295,0,0,9,2,0,1,31,0,43,43
2296,0,0,9,2,0,1,31,0,43,43
2297,0,0,9,2,0,1,31,0,43,43
2298,0,0,9,2,0,1,31,0,43,43
2299,0,0,9,2,0,1,31,0,43,43
2300,0,0,9,2,0,1,31,0,43,43
2301,0,0,9,2,0,1,31,0,43,43
2302,0,0,9,2,0,1,31,0,43,43
2303,0,0,9,2,0,1,31,0,43,43
2304,0,0,9,2,0,1,31,0,43,43
2305,0,0,9,2,0,1,31,0,43,43
2306,0,0,9,2,0,1,31,0,43,43
2307,0,0,9,2,0,1,31,0,43,43
2308,0,0,9,2,0,1,31,0,43,43
2309,0,0,9,2,0,1,31,0,43,43
2310,0,0,9,2,0,1,31,0,43,43
2311,0,0,9,2,0,1,31,0,43,43
2312,0,0,9,2,0,1,31,0,43,43
2313,0,0,9,2,0,1,31,0,43,43
2314,0,0,9,2,0,1,31,0,43,43
2315,0,0,9,2,0,1,31,0,43,43
2316,0,0,9,2,0,1,31,0,43,43
2317,0,0,9,2,0,1,31,0,43,43
2318,0,0,9,2,0,1,31,0,43,43
2319,0,0,9,2,0,1,31,0,43,43
2320,0,0,9,2,0,1,31,0,43,43
2321,0,0,9,2,0,1,31,0,43,43
2322,0,0,9,2,0,1,31,0,43,43
2323,0,0,9,2,0,1,31,0,43,43
2324,0,0,9,2,0,1,31,0,43,43
2325,0,0,9,2,0,1,31,0,43,43
2326,0,0,9,2,0,1,31,0,43,43
2327,0,0,9,2,0,1,31,0,43,43
2328,0,0,9,1,0,1,32,0,43,43
2329,0,0,9,1,0,1,32,0,43,43
2330,0,0,9,1,0,1,32,0,43,43
2331,0,0,9,1,0,1,32,0,43,43
2332,0,0,9,1,0,1,32,0,43,43
2333,0,0,9,1,0,1,32,0,43,43
2334,0,0,9,1,0,1,32,0,43,43
2335,0,0,9,1,0,1,32,0,43,43
2336,0,0,9,1,0,1,32,0,43,43
2337,0,0,9,1,0,1,32,0,43,43
2338,0,0,9,1,0,1,32,0,43,43
2339,0,0,9,1,0,1,32,0,43,43
2340,0,0,9,1,0,1,32,0,43,43
2341,0,0,9,1,0,1,32,0,43,43
2342,0,0,9,1,0,1,32,0,43,43
2343,0,0,9,1,0,1,32,0,43,43
2344,0,0,9,1,0,1,32,0,43,43
2345,0,0,9,1,0,1,32,0,43,43
2346,0,0,9,1,0,1,32,0,43,43
2347,0,0,9,1,0,1,32,0,43,43
2348,0,0,9,1,0,1,32,0,43,43
2349,0,0,9,1,0,1,32,0,43,43
2350,0,0,9,1,0,1,32,0,43,43
2351,0,0,9,1,0,1,32,0,43,43
2352,0,0,9,1,0,1,32,0,43,43
2353,0,0,9,1,0,1,32,0,43,43
2354,0,0,9,1,0,1,32,0,43,43
2355,0,0,9,1,0,1,32,0,43,43
2356,0,0,9,1,0,1,32,0,43,43
2357,0,0,9,1,0,1,32,0,43,43
2358,0,0,9,1,0,1,32,0,43,43
2359,0,0,9,1,0,1,32,0,43,43
2360,0,0,9,1,0,1,32,0,43,43
2361,0,0,9,1,0,1,32,0,43,43
2362,0,0,9,1,0,1,32,0,43,43
2363,0,0,9,1,0,1,32,0,43,43
2364,0,0,9,1,0,1,32,0,43,43
2365,0,0,9,1,0,1,32,0,43,43
2366,0,0,9,1,0,1,32,0,43,43
2367,0,0,9,1,0,1,32,0,43,43
2368,0,0,9,1,0,1,32,0,43,43
2369,0,0,9,1,0,1,32,0,43,43
2370,0,0,9,1,0,1,32,0,43,43
2371,0,0,9,1,0,1,32,0,43,43
2372,0,0,9,1,0,1,32,0,43,43
2373,0,0,9,1,0,1,32,0,43,43
2374,0,0,9,1,0,1,32,0,43,43
2375,0,0,9,1,0,1,32,0,43,43
2376,0,0,9,1,0,1,32,0,43,43
2377,0,0,9,1,0,1,32,0,43,43
2378,0,0,9,1,0,1,32,0,43,43
2379,0,0,9,1,0,1,32,0,43,43
2380,0,0,9,1,0,1,32,0,43,43
2381,0,0,9,1,0,1,32,0,43,43
2382,0,0,9,1,0,1,32,0,43,43
2383,0,0,9,1,0,1,32,0,43,43
2384,0,0,9,1,0,1,32,0,43,43
2385,0,0,9,1,0,1,32,0,43,43
2386,0,0,9,1,0,1,32,0,43,43
2387,0,0,9,1,0,1,32,0,43,43
2388,0,0,9,1,0,1,32,0,43,43
2389,0,0,9,1,0,1,32,0,43,43
2390,0,0,9,1,0,1,32,0,43,43
2391,0,0,9,1,0,1,32,0,43,43
2392,0,0,9,1,0,1,32,0,43,43
2393,0,0,9,1,0,1,32,0,43,43
2394,0,0,9,1,0,1,32,0,43,43
2395,0,0,8,2,0,1,32,0,43,43
2396,0,0,8,2,0,1,32,0,43,43
2397,0,0,8,2,0,1,32,0,43,43
2398,0,0,8,2,0,1,32,0,43,43
2399,0,0,8,2,0,1,32,0,43,43
2400,0,0,8,2,0,1,32,0,43,43
